customerId,subgroupId,subgroupName,classCode,subclassCode,status,isActive,joinDate,expireDate,currentStatusReasonCode,currentStatusReasonNote,reinstateDate,terminateDate
1,CFMA,CFMA,GENERAL,MEMBER,ACTIVE,True,04/01/1981,03/31/2026,,,,
1,ICCFP,The Institute of Certified Construction Financial Profession,CERT,MEMBER,ACTIVE,True,06/01/2004,03/31/2016,,,,
1,NJ,"New Jersey, Woodbridge, NJ",GENERAL,MEMBER,ACTIVE,True,04/01/1981,03/31/2026,,,,
5,CFMA,CFMA,GENERAL,MEMBER,TERMINATED,False,04/01/1985,03/31/2020,NP,Non Payment,,07/13/2020
5,NJ,"New Jersey, Woodbridge, NJ",GENERAL,MEMBER,TERMINATED,False,04/01/1985,03/31/2020,NP,Non Payment,,07/13/2020
6,CFMA,CFMA,GENERAL,MEMBER,ACTIVE,True,04/01/1985,03/31/2026,,,,
6,NJ,"New Jersey, Woodbridge, NJ",GENERAL,MEMBER,ACTIVE,True,04/01/1985,03/31/2026,,,,
27,CFMA,CFMA,GENERAL,MEMBER,TERMINATED,False,04/01/1985,03/31/2009,EXPR,AUTOEXPIRE: Lapsed Membership,,07/10/2009
27,NJ,"New Jersey, Woodbridge, NJ",GENERAL,MEMBER,TERMINATED,False,04/01/1985,03/31/2009,EXPR,AUTOEXPIRE: Lapsed Membership,,07/10/2009
30,CFMA,CFMA,RETIRED,MEMBER,ACTIVE,True,04/01/1985,03/31/2026,,,,
30,NEOHIO,"Northeast Ohio, Cleveland, OH",GENERAL,MEMBER,TERMINATED,False,04/01/1985,03/31/2021,RET,,,04/12/2021
30,NONAFF,Non Affiliated,GENERAL,MEMBER,ACTIVE,True,04/01/2021,03/31/2022,,,,
43,CENPENN,"Central PA, Lancaster, PA",GENERAL,MEMBER,TERMINATED,False,04/01/1985,03/31/2003,EXPR,AUTOEXPIRE: Lapsed Membership,,12/15/2005
43,CFMA,CFMA,GENERAL,MEMBER,TERMINATED,False,04/01/1985,03/31/2003,EXPR,AUTOEXPIRE: Lapsed Membership,,12/15/2005
55,CFMA,CFMA,GENERAL,MEMBER,ACTIVE,True,04/01/1985,03/31/2026,,,,
55,NJ,"New Jersey, Woodbridge, NJ",GENERAL,MEMBER,TERMINATED,False,04/01/1985,03/31/2015,NORE,,,04/02/2021
55,NONAFF,Non Affiliated,GENERAL,MEMBER,ACTIVE,True,10/01/2014,03/31/2026,,,,
60,BERKSLEHIG,"Greater Berks-Lehigh Valley, Allentown, PA",GENERAL,MEMBER,TERMINATED,False,04/01/1985,03/31/2003,EXPR,AUTOEXPIRE: Lapsed Membership,,12/15/2005
60,CFMA,CFMA,GENERAL,MEMBER,TERMINATED,False,04/01/1985,03/31/2003,EXPR,AUTOEXPIRE: Lapsed Membership,,12/15/2005
60,PHILLY,"Philadelphia, PA",GENERAL,MEMBER,TERMINATED,False,04/01/1985,03/31/2000,NONR,Non Renewal,,12/13/2005
67,CFMA,CFMA,GENERAL,MEMBER,TERMINATED,False,04/01/1985,03/31/2011,NORE,,,03/02/2011
67,NJ,"New Jersey, Woodbridge, NJ",GENERAL,MEMBER,TERMINATED,False,04/01/1985,03/31/2011,NORE,,,03/02/2011
71,CFMA,CFMA,GENERAL,MEMBER,TERMINATED,False,04/01/1985,03/31/2014,RET,,,05/29/2014
71,NYC,"New York City, NY",GENERAL,MEMBER,TERMINATED,False,04/01/1985,03/31/2014,RET,,,05/29/2014
77,CFMA,CFMA,GENERAL,MEMBER,TERMINATED,False,03/19/1982,03/31/2016,NORE,,,05/01/2019
77,LASVEGAS,"Las Vegas, NV",GENERAL,MEMBER,TERMINATED,False,03/19/1982,03/31/2007,EXPR,AUTOEXPIRE: Lapsed Membership,,04/01/2007
77,NONAFF,Non Affiliated,GENERAL,MEMBER,TERMINATED,False,03/19/1982,03/31/2016,NP,Non Payment - No Reply,,07/06/2016
77,ORANGECTY,"Orange County, Anaheim, CA",GENERAL,MEMBER,TERMINATED,False,03/19/1982,03/31/2007,TFER,membership transferred from Orange County to Las vegas,,06/08/2006
77,PORTLAND,"Portland, OR",GENERAL,MEMBER,TERMINATED,False,11/22/2010,03/31/2012,TFER,relocated,,03/02/2012
77,PUGETSOUND,"Puget Sound, Seattle, WA",GENERAL,MEMBER,TERMINATED,False,03/19/1982,03/31/2002,NORE,,,05/01/2019
77,VOS,"Valley of the Sun, Phoenix, AZ",GENERAL,MEMBER,TERMINATED,False,03/19/1982,03/31/2004,EXPR,AUTOEXPIRE: Lapsed Membership,,12/15/2005
98,CFMA,CFMA,ASSOC,MEMBER,TERMINATED,False,04/01/1985,03/31/2022,RET,,,05/10/2022
98,SANFRAN,"San Francisco, CA",ASSOC,MEMBER,TERMINATED,False,04/01/1985,03/31/2023,RET,,,05/10/2022
107,CFMA,CFMA,ASSOC,MEMBER,TERMINATED,False,04/01/1985,03/31/2007,EXPR,AUTOEXPIRE: Lapsed Membership,,04/01/2007
107,NJ,"New Jersey, Woodbridge, NJ",ASSOC,MEMBER,TERMINATED,False,04/01/1985,03/31/2007,EXPR,AUTOEXPIRE: Lapsed Membership,,04/01/2007
107,NYC,"New York City, NY",ASSOC,MEMBER,TERMINATED,False,04/01/1985,03/31/2001,EXPR,AUTOEXPIRE: Lapsed Membership,,12/15/2005
115,CFMA,CFMA,ASSOC,MEMBER,TERMINATED,False,04/01/1985,03/31/2004,EXPR,AUTOEXPIRE: Lapsed Membership,,12/15/2005
115,NJ,"New Jersey, Woodbridge, NJ",ASSOC,MEMBER,TERMINATED,False,04/01/1985,03/31/2004,EXPR,AUTOEXPIRE: Lapsed Membership,,12/15/2005
124,CFMA,CFMA,ASSOC,MEMBER,TERMINATED,False,04/01/1985,03/31/2019,MULT,,,05/30/2019
124,NJ,"New Jersey, Woodbridge, NJ",ASSOC,MEMBER,TERMINATED,False,04/01/1985,03/31/2019,MULT,,,05/30/2019
170,CFMA,CFMA,GENERAL,MEMBER,ACTIVE,True,04/01/1985,03/31/2026,,,,
170,NONAFF,Non Affiliated,GENERAL,MEMBER,ACTIVE,True,10/01/2014,03/31/2026,,,,
170,PHILLY,"Philadelphia, PA",GENERAL,MEMBER,TERMINATED,False,04/01/1985,03/31/2014,NP,Non Payment,,07/01/2014
179,CFMA,CFMA,ASSOC,MEMBER,TERMINATED,False,04/01/1985,03/31/2004,EXPR,AUTOEXPIRE: Lapsed Membership,,12/15/2005
185,CFMA,CFMA,EDUCATOR,MEMBER,TERMINATED,False,04/01/1985,03/31/2021,NORE,,,04/01/2021
185,DELAWARE,"Delaware, Wilmington, DE",GENERAL,MEMBER,TERMINATED,False,04/01/1985,03/31/1996,EXPR,AUTOEXPIRE: Lapsed Membership,,12/20/2005
185,MAINE,"Maine, Fairfield, ME",GENERAL,MEMBER,TERMINATED,False,04/01/1985,03/31/2021,NORE,,,04/01/2021
193,CFMA,CFMA,ASSOC,MEMBER,TERMINATED,False,10/06/1998,03/31/2010,TFER,trasnferred to shannon klein,,03/27/2009
193,KANSASCITY,"Kansas City, MO",ASSOC,MEMBER,TERMINATED,False,10/06/1998,04/01/1995,EXPR,AUTOEXPIRE: Lapsed Membership,,12/20/2005
193,NEBRASKA,"Nebraska, Omaha, NE",ASSOC,MEMBER,TERMINATED,False,10/06/1998,03/31/2010,TFER,transferred to shannon klein,,03/27/2009
200,CFMA,CFMA,GENERAL,MEMBER,ACTIVE,True,04/01/1985,03/31/2026,,,,
200,CHICAGO,"Chicago, IL",GENERAL,MEMBER,ACTIVE,True,04/01/1985,03/31/2026,,,,
200,ICCFP,The Institute of Certified Construction Financial Profession,CERT,MEMBER,ACTIVE,True,04/01/1985,03/31/2016,,,,
200,NONAFF,Non Affiliated,GENERAL,MEMBER,TERMINATED,False,10/01/2020,03/31/2021,NORE,,,11/06/2020
229,CCIFP,CCIFP,CCIFP,CCIFP,ACTIVE,True,04/01/2020,03/31/2026,,,,
229,CFMA,CFMA,ASSOC,MEMBER,ACTIVE,True,04/01/1985,03/31/2026,,,,
229,ICCFP,The Institute of Certified Construction Financial Profession,CERT,MEMBER,ACTIVE,True,04/01/1985,03/31/2016,,,,
229,PHILLY,"Philadelphia, PA",ASSOC,MEMBER,ACTIVE,True,04/01/1985,03/31/2026,,,,
229,SNJ,"South Jersey, Deptford, NJ",ASSOC,MEMBER,ACTIVE,True,01/01/2014,03/31/2026,,,,
246,CFMA,CFMA,GENERAL,MEMBER,TERMINATED,False,04/01/1985,03/31/2002,EXPR,AUTOEXPIRE: Lapsed Membership,,12/15/2005
246,PHILLY,"Philadelphia, PA",GENERAL,MEMBER,TERMINATED,False,04/01/1985,03/31/2002,EXPR,AUTOEXPIRE: Lapsed Membership,,12/15/2005
252,CFMA,CFMA,GENERAL,MEMBER,ACTIVE,True,04/01/1985,03/31/2026,,,,
252,NEOHIO,"Northeast Ohio, Cleveland, OH",GENERAL,MEMBER,ACTIVE,True,04/01/1985,03/31/2026,,,,
253,CENINDIANA,"Central Indiana, Indianapolis, IN",GENERAL,MEMBER,TERMINATED,False,04/01/1985,03/31/2012,RET,,,03/19/2012
253,CFMA,CFMA,GENERAL,MEMBER,TERMINATED,False,04/01/1985,03/31/2012,RET,,,03/19/2012
259,CFMA,CFMA,GENERAL,MEMBER,TERMINATED,False,04/01/1985,03/31/2024,NP,Non Payment,,06/14/2024
259,CHARLOTTE,"Charlotte, NC",GENERAL,MEMBER,TERMINATED,False,04/01/1985,03/31/2024,NP,Non Payment,,06/14/2024
263,BLUEGRASS,"Bluegrass, Lexington, KY",ASSOC,MEMBER,TERMINATED,False,11/08/1993,03/31/2001,EXPR,AUTOEXPIRE: Lapsed Membership,,12/15/2005
263,CFMA,CFMA,ASSOC,MEMBER,TERMINATED,False,11/08/1993,03/31/2001,EXPR,AUTOEXPIRE: Lapsed Membership,,12/15/2005
282,CFMA,CFMA,ASSOC,MEMBER,TERMINATED,False,04/01/1985,03/31/2016,NP,Non Payment - No Reply,,07/06/2016
282,CHICAGO,"Chicago, IL",ASSOC,MEMBER,TERMINATED,False,04/01/1985,03/31/2016,NP,Non Payment - No Reply,,07/06/2016
300,CFMA,CFMA,GENERAL,MEMBER,TERMINATED,False,04/01/1985,03/31/2017,NP,Non Payment - No Reply,,07/05/2017
300,DALFTWORTH,"Dallas/Ft. Worth, TX",GENERAL,MEMBER,TERMINATED,False,04/01/1985,03/31/2017,NP,Non Payment - No Reply,,07/05/2017
306,CFMA,CFMA,ASSOC,MEMBER,TERMINATED,False,04/01/1985,03/31/2007,TFER,remarks and alerts,,01/24/2008
306,DALFTWORTH,"Dallas/Ft. Worth, TX",ASSOC,MEMBER,TERMINATED,False,04/01/1985,03/31/2007,TFER,remarks and alerts,,01/24/2008
356,CFMA,CFMA,ASSOC,MEMBER,TERMINATED,False,04/01/1985,03/31/2003,EXPR,AUTOEXPIRE: Lapsed Membership,,12/15/2005
356,NEOHIO,"Northeast Ohio, Cleveland, OH",ASSOC,MEMBER,TERMINATED,False,04/01/1985,03/31/2003,EXPR,AUTOEXPIRE: Lapsed Membership,,12/15/2005
414,CFMA,CFMA,GENERAL,MEMBER,TERMINATED,False,04/01/1985,03/31/2025,NP,Non Payment,,07/29/2025
414,DALFTWORTH,"Dallas/Ft. Worth, TX",GENERAL,MEMBER,TERMINATED,False,04/01/1985,03/31/2025,NP,Non Payment,,07/29/2025
425,CFMA,CFMA,GENERAL,MEMBER,ACTIVE,True,04/01/1985,03/31/2026,,,,
425,ORANGECTY,"Orange County, Anaheim, CA",GENERAL,MEMBER,TERMINATED,False,04/01/1985,03/31/2014,TFER,transferred to san diego,,01/28/2014
425,SANDIEGO,"San Diego, CA",GENERAL,MEMBER,ACTIVE,True,04/01/1985,03/31/2026,,,,
430,CFMA,CFMA,RETIRED,MEMBER,TERMINATED,False,04/01/1985,03/31/2015,NORE,,,02/13/2019
430,NJ,"New Jersey, Woodbridge, NJ",GENERAL,MEMBER,TERMINATED,False,04/01/1985,03/31/2013,RET,,,05/16/2013
430,NONAFF,Non Affiliated,GENERAL,MEMBER,TERMINATED,False,05/17/2013,03/31/2015,NP,Non Payment - No Reply,,07/08/2015
436,CFMA,CFMA,GENERAL,MEMBER,TERMINATED,False,04/01/1985,03/31/2007,EXPR,AUTOEXPIRE: Lapsed Membership,,04/01/2007
436,ICCFP,The Institute of Certified Construction Financial Profession,CERT,NONMEM,TERMINATED,False,06/01/2006,03/31/2012,B,terminated,,02/15/2013
436,LASVEGAS,"Las Vegas, NV",GENERAL,MEMBER,TERMINATED,False,04/01/1985,03/31/2007,EXPR,AUTOEXPIRE: Lapsed Membership,,04/01/2007
436,NEOHIO,"Northeast Ohio, Cleveland, OH",GENERAL,MEMBER,TERMINATED,False,04/01/1985,03/31/1997,EXPR,AUTOEXPIRE: Lapsed Membership,,12/20/2005
451,CFMA,CFMA,ASSOC,MEMBER,TERMINATED,False,04/01/1985,03/31/2009,TFER,transferred to laura culp,,07/28/2008
451,NEOHIO,"Northeast Ohio, Cleveland, OH",ASSOC,MEMBER,TERMINATED,False,04/01/1985,03/31/2009,TFER,transferred to laura culp,,07/28/2008
490,CFMA,CFMA,GENERAL,MEMBER,TERMINATED,False,02/17/2004,03/31/2013,RET,,,04/23/2013
490,MADISON,"Madison, WI",GENERAL,MEMBER,TERMINATED,False,02/17/2004,03/31/2009,EXPR,AUTOEXPIRE: Lapsed Membership,,04/13/2009
490,MILWAUKEE,"Milwaukee, WI",GENERAL,MEMBER,TERMINATED,False,10/09/2008,03/31/2013,RET,,,04/23/2013
503,CFMA,CFMA,ASSOC,MEMBER,TERMINATED,False,04/01/1985,03/31/2015,NORE,,,11/22/2019
503,NONAFF,Non Affiliated,ASSOC,MEMBER,TERMINATED,False,08/01/2019,03/31/2020,RET,,,11/22/2019
503,SANDIEGO,"San Diego, CA",ASSOC,MEMBER,TERMINATED,False,04/01/1985,03/31/2015,RET,,,06/09/2015
516,CFMA,CFMA,GENERAL,MEMBER,TERMINATED,False,04/01/1985,03/31/2001,EXPR,AUTOEXPIRE: Lapsed Membership,,12/15/2005
570,CFMA,CFMA,ASSOC,MEMBER,TERMINATED,False,04/01/1985,03/31/2006,EXPR,AUTOEXPIRE: Lapsed Membership,,04/01/2006
570,SANDIEGO,"San Diego, CA",ASSOC,MEMBER,TERMINATED,False,04/01/1985,03/31/2006,EXPR,AUTOEXPIRE: Lapsed Membership,,04/01/2006
606,CFMA,CFMA,GENERAL,MEMBER,ACTIVE,True,04/01/1985,03/31/2026,,,,
606,CHICAGO,"Chicago, IL",GENERAL,MEMBER,TERMINATED,False,04/01/1985,03/31/2024,NORE,,,06/03/2024
606,NONAFF,Non Affiliated,GENERAL,MEMBER,ACTIVE,True,06/01/2024,03/31/2026,,,,
630,CENOHIO,"Central Ohio, Columbus, OH",GENERAL,MEMBER,TERMINATED,False,04/01/1985,03/31/2015,RET,,,06/24/2015
630,CFMA,CFMA,GENERAL,MEMBER,TERMINATED,False,04/01/1985,03/31/2015,RET,,,06/24/2015
637,CFMA,CFMA,ASSOC,MEMBER,TERMINATED,False,04/01/1985,03/31/2020,NORE,,,04/01/2020
637,PIEDMONT,"Piedmont, Greensboro, NC",ASSOC,MEMBER,TERMINATED,False,04/01/1985,03/31/2020,NORE,,,04/01/2020
641,CFMA,CFMA,GENERAL,MEMBER,TERMINATED,False,04/01/1985,03/31/2006,NORE,,,07/26/2019
641,SANDIEGO,"San Diego, CA",GENERAL,MEMBER,TERMINATED,False,04/01/1985,03/31/2006,EXPR,AUTOEXPIRE: Lapsed Membership,,04/01/2006
652,CFMA,CFMA,GENERAL,MEMBER,TERMINATED,False,04/01/1985,03/31/2000,EXPR,AUTOEXPIRE: Lapsed Membership,,12/15/2005
661,CFMA,CFMA,GENERAL,MEMBER,ACTIVE,True,04/01/1985,03/31/2026,,,,
661,HOUSTON,"Houston, TX",GENERAL,MEMBER,TERMINATED,False,04/01/1985,03/31/2021,RET,,,06/04/2021
661,ICCFP,The Institute of Certified Construction Financial Profession,CERT,MEMBER,ACTIVE,True,04/01/1985,03/31/2016,,,,
661,NONAFF,Non Affiliated,GENERAL,MEMBER,ACTIVE,True,06/01/2021,03/31/2026,,,,
661,SILICONVAL,"Silicon Valley, San Jose, CA",GENERAL,MEMBER,TERMINATED,False,04/01/1985,03/31/2000,EXPR,AUTOEXPIRE: Lapsed Membership,,12/20/2005
667,CFMA,CFMA,GENERAL,MEMBER,TERMINATED,False,04/01/1985,03/31/2002,EXPR,AUTOEXPIRE: Lapsed Membership,,12/15/2005
667,CHICAGO,"Chicago, IL",GENERAL,MEMBER,TERMINATED,False,04/01/1985,03/31/2002,EXPR,AUTOEXPIRE: Lapsed Membership,,12/15/2005
676,CFMA,CFMA,ASSOC,MEMBER,TERMINATED,False,04/01/1985,03/31/2020,NP,Non Payment,,07/13/2020
676,DELAWARE,"Delaware, Wilmington, DE",GENERAL,MEMBER,TERMINATED,False,04/01/1985,03/31/2007,EXPR,AUTOEXPIRE: Lapsed Membership,,04/01/2007
676,NONAFF,Non Affiliated,ASSOC,MEMBER,TERMINATED,False,09/01/2017,03/31/2020,NP,Non Payment,,07/13/2020
676,PHILLY,"Philadelphia, PA",GENERAL,MEMBER,TERMINATED,False,04/01/1985,03/31/2001,NONR,Non Renewal,,12/13/2005
676,SNJ,"South Jersey, Deptford, NJ",ASSOC,MEMBER,TERMINATED,False,09/19/2012,03/31/2016,NP,Noted from MTV 02/28/2017,,02/27/2017
680,CFMA,CFMA,GENERAL,MEMBER,TERMINATED,False,04/01/1985,03/31/2016,RET,,,04/20/2016
680,KANSASCITY,"Kansas City, MO",GENERAL,MEMBER,TERMINATED,False,04/01/1985,03/31/2016,RET,,,04/20/2016
693,CFMA,CFMA,GENERAL,MEMBER,TERMINATED,False,07/07/1987,03/31/2014,NORE,,,07/26/2019
693,PHILLY,"Philadelphia, PA",GENERAL,MEMBER,TERMINATED,False,07/07/1987,03/31/2014,TFER,transferred to daniel williamson,,02/24/2014
696,CFMA,CFMA,GENERAL,MEMBER,ACTIVE,True,08/01/1989,03/31/2026,,,,
696,HOUSTON,"Houston, TX",GENERAL,MEMBER,ACTIVE,True,08/01/1989,03/31/2026,,,,
729,CCIFP,CCIFP,CCIFP,CCIFP,ACTIVE,True,04/01/2020,03/31/2021,,,,
729,CFMA,CFMA,RETIRED,MEMBER,TERMINATED,False,04/01/1985,03/31/2020,NP,Non Payment,,07/13/2020
729,ICCFP,The Institute of Certified Construction Financial Profession,CERT,MEMBER,ACTIVE,True,08/04/2015,03/31/2016,,,,
729,MIDTENN,"Middle Tennessee, Nashville, TN",GENERAL,MEMBER,TERMINATED,False,04/01/1985,03/31/2020,NP,Non Payment,,07/13/2020
751,CFMA,CFMA,ASSOC,MEMBER,ACTIVE,True,04/01/1985,03/31/2026,,,,
751,MIDTENN,"Middle Tennessee, Nashville, TN",ASSOC,MEMBER,TERMINATED,False,04/01/1985,03/31/2023,NORE,,,04/03/2023
751,NONAFF,Non Affiliated,ASSOC,MEMBER,ACTIVE,True,04/01/2023,03/31/2026,,,,
760,CFMA,CFMA,ASSOC,MEMBER,ACTIVE,True,04/06/2006,03/31/2026,,,,
760,KENTUCKIAN,"Kentuckiana, Louisville, KY",ASSOC,MEMBER,ACTIVE,True,04/06/2006,03/31/2026,,,,
768,CFMA,CFMA,ASSOC,MEMBER,TERMINATED,False,04/01/1985,03/31/2004,EXPR,AUTOEXPIRE: Lapsed Membership,,12/15/2005
768,LOSANGELES,Los Angeles,ASSOC,MEMBER,TERMINATED,False,04/01/1985,03/31/2004,EXPR,AUTOEXPIRE: Lapsed Membership,,12/15/2005
798,CCIFP,CCIFP,CCIFP,CCIFP,ACTIVE,True,04/01/2020,03/31/2026,,,,
798,CFMA,CFMA,GENERAL,MEMBER,ACTIVE,True,04/01/1985,03/31/2026,,,,
798,COLORADO,"Colorado, Denver, CO",GENERAL,MEMBER,TERMINATED,False,08/30/2011,03/31/2024,TFER,,,04/05/2024
798,ICCFP,The Institute of Certified Construction Financial Profession,CERT,MEMBER,ACTIVE,True,04/01/1985,03/31/2016,,,,
798,KANSASCITY,"Kansas City, MO",GENERAL,MEMBER,TERMINATED,False,04/01/1985,03/31/2012,TFER,transferred to colorado chapter,,08/30/2011
798,NONAFF,Non Affiliated,GENERAL,MEMBER,ACTIVE,True,04/01/2024,03/31/2026,,,,
809,CFMA,CFMA,ASSOC,MEMBER,TERMINATED,False,04/01/1985,03/31/2001,NORE,,,07/25/2019
821,CFMA,CFMA,GENERAL,MEMBER,ACTIVE,True,05/01/1985,03/31/2026,,,,
821,GEORGIA,"Georgia, Atlanta, GA",GENERAL,MEMBER,TERMINATED,False,05/01/1985,03/31/2017,NP,Non Payment,,07/05/2017
821,ICCFP,The Institute of Certified Construction Financial Profession,CERT,MEMBER,TERMINATED,False,05/01/1985,03/31/2012,NONR,voluntary revocation due to change in position,,05/30/2012
821,NONAFF,Non Affiliated,GENERAL,MEMBER,ACTIVE,True,10/01/2018,03/31/2026,,,,
833,CFMA,CFMA,GENERAL,MEMBER,TERMINATED,False,11/01/1984,03/31/2007,EXPR,AUTOEXPIRE: Lapsed Membership,,04/01/2007
833,HOUSTON,"Houston, TX",GENERAL,MEMBER,TERMINATED,False,11/01/1984,03/31/2007,EXPR,AUTOEXPIRE: Lapsed Membership,,04/01/2007
834,CCIFP,CCIFP,CCIFP,CCIFP,ACTIVE,True,04/01/2020,03/31/2026,,,,
834,CFMA,CFMA,RETIRED,MEMBER,ACTIVE,True,04/01/1985,03/31/2026,,,,
834,DALFTWORTH,"Dallas/Ft. Worth, TX",GENERAL,MEMBER,TERMINATED,False,04/01/1985,03/31/2018,RET,,,12/11/2017
834,ICCFP,The Institute of Certified Construction Financial Profession,CERT,MEMBER,ACTIVE,True,12/01/2006,03/31/2016,,,,
834,NONAFF,Non Affiliated,GENERAL,MEMBER,ACTIVE,True,12/11/2017,03/31/2022,,,,
875,CFMA,CFMA,ASSOC,MEMBER,TERMINATED,False,10/29/1986,03/31/2022,NP,Non Payment,,07/08/2022
875,SANFRAN,"San Francisco, CA",ASSOC,MEMBER,TERMINATED,False,10/01/2016,03/31/2022,NP,Non Payment,,07/08/2022
875,SILICONVAL,"Silicon Valley, San Jose, CA",ASSOC,MEMBER,TERMINATED,False,10/01/2016,03/31/2022,NP,Non Payment,,07/08/2022
876,CFMA,CFMA,GENERAL,MEMBER,TERMINATED,False,04/01/1985,03/31/2003,EXPR,AUTOEXPIRE: Lapsed Membership,,12/15/2005
876,PUGETSOUND,"Puget Sound, Seattle, WA",GENERAL,MEMBER,TERMINATED,False,04/01/1985,03/31/2003,EXPR,AUTOEXPIRE: Lapsed Membership,,12/15/2005
896,CFMA,CFMA,GENERAL,MEMBER,TERMINATED,False,11/15/1984,03/31/2010,EXPR,AUTOEXPIRE: Lapsed Membership,,08/06/2010
896,SACRAMENTO,"Sacramento, CA",GENERAL,MEMBER,TERMINATED,False,11/15/1984,03/31/2010,EXPR,AUTOEXPIRE: Lapsed Membership,,08/06/2010
966,CCIFP,CCIFP,CCIFP,CCIFP,ACTIVE,True,04/01/2020,03/31/2026,,,,
966,CFMA,CFMA,GENERAL,MEMBER,ACTIVE,True,04/01/1985,03/31/2026,,,,
966,DALFTWORTH,"Dallas/Ft. Worth, TX",GENERAL,MEMBER,TERMINATED,False,07/27/2012,03/31/2014,TFER,transferred to houston chapter,,01/28/2014
966,HOUSTON,"Houston, TX",GENERAL,MEMBER,ACTIVE,True,04/01/1985,03/31/2026,,,,
966,ICCFP,The Institute of Certified Construction Financial Profession,CERT,MEMBER,ACTIVE,True,04/01/1985,03/31/2016,,,,
970,CFMA,CFMA,GENERAL,MEMBER,TERMINATED,False,04/01/1985,03/31/2018,NP,Non Payment,,10/25/2018
970,ICCFP,The Institute of Certified Construction Financial Profession,CERT,MEMBER,TERMINATED,False,04/01/1985,03/31/2013,NORE,ZAUCHA TERMINATION OF CCIFPs WITH EXPIRED LEVEL,,02/01/2014
970,MIDTENN,"Middle Tennessee, Nashville, TN",GENERAL,MEMBER,TERMINATED,False,04/01/1985,03/31/2018,NORE,,,04/23/2019
977,CFMA,CFMA,GENERAL,MEMBER,ACTIVE,True,04/01/1985,03/31/2026,,,,
977,NONAFF,Non Affiliated,GENERAL,MEMBER,ACTIVE,True,10/01/2014,03/31/2026,,,,
977,PUGETSOUND,"Puget Sound, Seattle, WA",GENERAL,MEMBER,TERMINATED,False,04/01/1985,03/31/2014,NP,Non Payment,,07/01/2014
981,CFMA,CFMA,ASSOC,MEMBER,TERMINATED,False,04/01/1985,03/31/2007,EXPR,AUTOEXPIRE: Lapsed Membership,,04/01/2007
981,HOUSTON,"Houston, TX",ASSOC,MEMBER,TERMINATED,False,04/01/1985,03/31/2007,EXPR,AUTOEXPIRE: Lapsed Membership,,04/01/2007
991,CFMA,CFMA,GENERAL,MEMBER,TERMINATED,False,04/01/1985,03/31/2017,NP,Non Payment - No Reply,,07/05/2017
991,PIEDMONT,"Piedmont, Greensboro, NC",GENERAL,MEMBER,TERMINATED,False,04/01/1985,03/31/2017,NP,Non Payment - No Reply,,07/05/2017
997,CFMA,CFMA,ASSOC,MEMBER,TERMINATED,False,04/01/1985,03/31/2013,NP,Non Payment - No Reply,,07/09/2013
997,SANFRAN,"San Francisco, CA",ASSOC,MEMBER,TERMINATED,False,04/01/1985,03/31/2013,EXPR,AUTOEXPIRE: Lapsed Membership,,07/09/2013
2033,CFMA,CFMA,GENERAL,MEMBER,TERMINATED,False,09/02/1986,03/31/2025,NP,Non Payment,,07/29/2025
2033,ICCFP,The Institute of Certified Construction Financial Profession,CERT,MEMBER,ACTIVE,True,09/02/1986,03/31/2016,,,,
2033,KANSASCITY,"Kansas City, MO",GENERAL,MEMBER,TERMINATED,False,09/02/1986,03/31/2025,NP,Non Payment,,07/29/2025
2063,CFMA,CFMA,RETIRED,MEMBER,TERMINATED,False,09/25/1986,03/31/2024,RET,,,04/09/2024
2063,GEORGIA,"Georgia, Atlanta, GA",GENERAL,MEMBER,TERMINATED,False,09/25/1986,03/31/2024,RET,,,04/09/2024
2063,NONAFF,Non Affiliated,GENERAL,MEMBER,TERMINATED,False,05/01/2019,04/30/2019,NORE,,,02/27/2020
2087,CFMA,CFMA,GENERAL,MEMBER,TERMINATED,False,10/15/1986,03/31/2014,RET,,,05/16/2014
2087,HOUSTON,"Houston, TX",GENERAL,MEMBER,TERMINATED,False,10/15/1986,03/31/2014,RET,,,05/16/2014
2133,CFMA,CFMA,ASSOC,MEMBER,TERMINATED,False,10/15/1986,03/31/2013,EXPR,AUTOEXPIRE: Lapsed Membership,,04/01/2013
2133,STLOUIS,"St. Louis, MO",ASSOC,MEMBER,TERMINATED,False,10/15/1986,03/31/2013,EXPR,AUTOEXPIRE: Lapsed Membership,,04/01/2013
2137,CFMA,CFMA,GENERAL,MEMBER,TERMINATED,False,10/22/1986,03/31/2025,TFER,transferred to joseph dipietro - 129287,,02/26/2025
2137,NYC,"New York City, NY",GENERAL,MEMBER,TERMINATED,False,10/22/1986,03/31/2025,TFER,transferred to joseph dipietro - 129287,,02/26/2025
2157,CFMA,CFMA,GENERAL,MEMBER,TERMINATED,False,10/29/1986,03/31/2023,NP,Non Payment,,07/10/2023
2157,ICCFP,The Institute of Certified Construction Financial Profession,CERT,MEMBER,TERMINATED,False,10/29/1986,03/31/2013,B,revocation,,02/15/2013
2157,MILWAUKEE,"Milwaukee, WI",GENERAL,MEMBER,TERMINATED,False,10/29/1986,03/31/2023,NP,Non Payment,,07/10/2023
2186,CFMA,CFMA,GENERAL,MEMBER,TERMINATED,False,11/12/1986,03/31/2019,NP,Non Payment,,07/10/2019
2186,GRCINN,"Greater Cincinnati, OH",GENERAL,MEMBER,TERMINATED,False,11/12/1986,03/31/2019,NP,Non Payment,,07/10/2019
2186,PEERNM,Peer Group,GENERAL,MEMBER,TERMINATED,False,04/01/2017,03/31/2018,EXPR,CFMA-1810,,12/04/2017
2190,CFMA,CFMA,GENERAL,MEMBER,TERMINATED,False,11/12/1986,03/31/2010,EXPR,AUTOEXPIRE: Lapsed Membership,,04/01/2010
2190,GRCINN,"Greater Cincinnati, OH",GENERAL,MEMBER,TERMINATED,False,11/12/1986,03/31/2010,EXPR,AUTOEXPIRE: Lapsed Membership,,04/01/2010
2194,CFMA,CFMA,GENERAL,MEMBER,TERMINATED,False,11/12/1986,03/31/2025,RET,,,05/28/2025
2194,WESTNY,"Greater Rochester, NY",GENERAL,MEMBER,TERMINATED,False,11/12/1986,03/31/2026,RET,,,05/28/2025
2240,CFMA,CFMA,ASSOC,MEMBER,TERMINATED,False,12/01/1986,03/31/2006,EXPR,AUTOEXPIRE: Lapsed Membership,,04/01/2006
2240,PUGETSOUND,"Puget Sound, Seattle, WA",ASSOC,MEMBER,TERMINATED,False,12/01/1986,03/31/2006,EXPR,AUTOEXPIRE: Lapsed Membership,,04/01/2006
2241,CFMA,CFMA,GENERAL,MEMBER,TERMINATED,False,12/01/1986,03/31/2023,NP,Non Payment,,07/10/2023
2241,PUGETSOUND,"Puget Sound, Seattle, WA",GENERAL,MEMBER,TERMINATED,False,12/01/1986,03/31/2023,NP,Non Payment,,07/10/2023
2253,CFMA,CFMA,ASSOC,MEMBER,TERMINATED,False,08/21/2000,03/31/2008,EXPR,AUTOEXPIRE: Lapsed Membership,,04/01/2008
2253,WESTNY,"Greater Rochester, NY",ASSOC,MEMBER,TERMINATED,False,08/21/2000,03/31/2008,EXPR,AUTOEXPIRE: Lapsed Membership,,04/01/2008
2258,CFMA,CFMA,ASSOC,MEMBER,TERMINATED,False,12/09/1986,03/31/2025,NP,Non Payment,,07/29/2025
2258,MAINE,"Maine, Fairfield, ME",ASSOC,MEMBER,TERMINATED,False,12/09/1986,03/31/2025,NP,Non Payment,,07/29/2025
2310,CFMA,CFMA,GENERAL,MEMBER,TERMINATED,False,01/15/1987,03/31/2023,NP,Non Payment,,07/10/2023
2310,PHILLY,"Philadelphia, PA",GENERAL,MEMBER,TERMINATED,False,01/15/1987,03/31/2023,NP,Non Payment,,07/10/2023
2310,SFLORIDA,"South Florida, Ft. Lauderdale, FL",GENERAL,MEMBER,TERMINATED,False,01/15/1987,04/01/2003,EXPR,AUTOEXPIRE: Lapsed Membership,,12/15/2005
2315,CFMA,CFMA,ASSOC,MEMBER,TERMINATED,False,01/15/1987,03/31/2007,EXPR,AUTOEXPIRE: Lapsed Membership,,04/01/2007
2315,MAINE,"Maine, Fairfield, ME",ASSOC,MEMBER,TERMINATED,False,01/15/1987,03/31/2007,EXPR,AUTOEXPIRE: Lapsed Membership,,04/01/2007
2316,CFMA,CFMA,ASSOC,MEMBER,TERMINATED,False,04/01/1985,03/31/2011,EXPR,AUTOEXPIRE: Lapsed Membership,,05/18/2011
2316,TRIANGLE,"Triangle, Raleigh, NC",ASSOC,MEMBER,TERMINATED,False,04/01/1985,03/31/2011,EXPR,AUTOEXPIRE: Lapsed Membership,,05/18/2011
2329,CFMA,CFMA,GENERAL,MEMBER,TERMINATED,False,01/15/1987,03/31/2011,EXPR,AUTOEXPIRE: Lapsed Membership,,05/03/2011
2329,MAINE,"Maine, Fairfield, ME",GENERAL,MEMBER,TERMINATED,False,01/15/1987,03/31/2011,EXPR,AUTOEXPIRE: Lapsed Membership,,05/03/2011
2337,CFMA,CFMA,GENERAL,MEMBER,TERMINATED,False,01/27/1987,03/31/2024,NP,Non Payment,,06/14/2024
2337,MAINE,"Maine, Fairfield, ME",GENERAL,MEMBER,TERMINATED,False,01/27/1987,03/31/2024,NP,Non Payment,,06/14/2024
2347,CCIFP,CCIFP,CCIFP,CCIFP,ACTIVE,True,04/01/2020,03/31/2026,,,,
2347,CFMA,CFMA,ASSOC,MEMBER,ACTIVE,True,01/27/1987,03/31/2026,,,,
2347,ICCFP,The Institute of Certified Construction Financial Profession,CERT,MEMBER,ACTIVE,True,01/27/1987,03/31/2016,,,,
2347,LONGISLAND,"Long Island, Farmingdale, NY",ASSOC,MEMBER,TERMINATED,False,01/27/1987,03/31/1996,NONR,Non Renewal,,12/13/2005
2347,NYC,"New York City, NY",ASSOC,MEMBER,ACTIVE,True,01/27/1987,03/31/2026,,,,
2348,CFMA,CFMA,ASSOC,MEMBER,TERMINATED,False,01/27/1987,03/31/2010,EXPR,AUTOEXPIRE: Lapsed Membership,,04/20/2010
2348,MAINE,"Maine, Fairfield, ME",ASSOC,MEMBER,TERMINATED,False,01/27/1987,03/31/2010,EXPR,AUTOEXPIRE: Lapsed Membership,,04/20/2010
2365,CFMA,CFMA,RETIRED,MEMBER,ACTIVE,True,10/25/1989,03/31/2026,,,,
2365,NJ,"New Jersey, Woodbridge, NJ",ASSOC,MEMBER,ACTIVE,True,10/25/1989,03/31/2026,,,,
2377,CFMA,CFMA,GENERAL,MEMBER,TERMINATED,False,02/18/1987,03/31/2008,EXPR,AUTOEXPIRE: Lapsed Membership,,04/01/2008
2377,CHICAGO,"Chicago, IL",GENERAL,MEMBER,TERMINATED,False,02/18/1987,03/31/2008,EXPR,AUTOEXPIRE: Lapsed Membership,,04/01/2008
2382,CFMA,CFMA,ASSOC,MEMBER,TERMINATED,False,02/18/1987,03/31/2013,MULT,,,05/21/2013
2382,STLOUIS,"St. Louis, MO",ASSOC,MEMBER,TERMINATED,False,02/18/1987,03/31/2013,MULT,,,05/21/2013
2398,BLUEGRASS,"Bluegrass, Lexington, KY",GENERAL,MEMBER,ACTIVE,True,03/05/1987,03/31/2026,,,,
2398,CFMA,CFMA,GENERAL,MEMBER,ACTIVE,True,03/05/1987,03/31/2026,,,,
2402,CFMA,CFMA,ASSOC,MEMBER,ACTIVE,True,07/21/2000,03/31/2026,,,,
2402,LOSANGELES,Los Angeles,ASSOC,MEMBER,TERMINATED,False,07/21/2000,03/31/2011,CHFD,,,03/24/2011
2402,MIDTENN,"Middle Tennessee, Nashville, TN",ASSOC,MEMBER,ACTIVE,True,09/01/2025,03/31/2026,,,,
2402,ORANGECTY,"Orange County, Anaheim, CA",ASSOC,MEMBER,TERMINATED,False,01/01/2019,03/31/2020,NP,Non Payment,,07/13/2020
2441,CFMA,CFMA,ASSOC,MEMBER,ACTIVE,True,03/24/1987,03/31/2026,,,,
2441,MILWAUKEE,"Milwaukee, WI",ASSOC,MEMBER,ACTIVE,True,03/24/1987,03/31/2026,,,,
2450,CFMA,CFMA,RETIRED,MEMBER,TERMINATED,False,04/20/1987,03/31/2013,RET,,,06/17/2013
2450,NONAFF,Non Affiliated,GENERAL,MEMBER,TERMINATED,False,04/20/1987,03/31/1997,EXPR,AUTOEXPIRE: Lapsed Membership,,12/20/2005
2450,SONORAN,Sonoran-Inactive,GENERAL,MEMBER,TERMINATED,False,04/20/1987,03/31/2001,EXPR,AUTOEXPIRE: Lapsed Membership,,12/15/2005
2450,VOS,"Valley of the Sun, Phoenix, AZ",GENERAL,MEMBER,TERMINATED,False,04/20/1987,03/31/2013,RET,,,06/17/2013
2459,CFMA,CFMA,GENERAL,MEMBER,TERMINATED,False,04/20/1987,03/31/2011,TFER,,,03/17/2011
2459,SACRAMENTO,"Sacramento, CA",GENERAL,MEMBER,TERMINATED,False,04/20/1987,03/31/2011,TFER,,,03/17/2011
2467,CFMA,CFMA,ASSOC,MEMBER,TERMINATED,False,04/01/1985,03/31/2004,EXPR,AUTOEXPIRE: Lapsed Membership,,12/15/2005
2484,CFMA,CFMA,ASSOC,MEMBER,TERMINATED,False,04/20/1987,03/31/2003,EXPR,AUTOEXPIRE: Lapsed Membership,,12/15/2005
2484,VOS,"Valley of the Sun, Phoenix, AZ",ASSOC,MEMBER,TERMINATED,False,04/20/1987,03/31/2003,EXPR,AUTOEXPIRE: Lapsed Membership,,12/15/2005
2517,CFMA,CFMA,GENERAL,MEMBER,TERMINATED,False,06/01/1987,03/31/2024,NP,Non Payment,,06/14/2024
2517,GRCINN,"Greater Cincinnati, OH",GENERAL,MEMBER,TERMINATED,False,11/01/2014,03/31/2024,NP,Non Payment,,06/14/2024
2517,NONAFF,Non Affiliated,GENERAL,MEMBER,TERMINATED,False,12/01/2013,03/31/2015,TFER,transferred to cincinnatti,,10/20/2014
2517,NYC,"New York City, NY",GENERAL,MEMBER,TERMINATED,False,06/01/1987,03/31/2004,EXPR,AUTOEXPIRE: Lapsed Membership,,12/15/2005
2520,CFMA,CFMA,GENERAL,MEMBER,TERMINATED,False,06/01/1987,03/31/2011,EXPR,AUTOEXPIRE: Lapsed Membership,,07/15/2011
2520,SANDIEGO,"San Diego, CA",GENERAL,MEMBER,TERMINATED,False,06/01/1987,03/31/2011,EXPR,AUTOEXPIRE: Lapsed Membership,,07/15/2011
2534,CFMA,CFMA,GENERAL,MEMBER,ACTIVE,True,06/01/1987,03/31/2026,,,,
2534,CHICAGO,"Chicago, IL",ASSOC,MEMBER,TERMINATED,False,06/01/1987,04/01/2001,EXPR,AUTOEXPIRE: Lapsed Membership,,12/15/2005
2534,NEOHIO,"Northeast Ohio, Cleveland, OH",ASSOC,MEMBER,TERMINATED,False,06/01/1987,03/31/2003,EXPR,AUTOEXPIRE: Lapsed Membership,,12/15/2005
2534,SFLORIDA,"South Florida, Ft. Lauderdale, FL",GENERAL,MEMBER,ACTIVE,True,03/14/2007,03/31/2026,,,,
2567,CFMA,CFMA,ASSOC,MEMBER,TERMINATED,False,06/01/1987,03/31/2003,NORE,,,02/13/2019
2567,GEORGIA,"Georgia, Atlanta, GA",ASSOC,MEMBER,TERMINATED,False,06/01/1987,03/31/2003,EXPR,AUTOEXPIRE: Lapsed Membership,,12/15/2005
2577,CFMA,CFMA,ASSOC,MEMBER,TERMINATED,False,06/01/1987,03/31/2006,EXPR,AUTOEXPIRE: Lapsed Membership,,04/01/2006
2577,NJ,"New Jersey, Woodbridge, NJ",ASSOC,MEMBER,TERMINATED,False,06/01/1987,03/31/2006,EXPR,AUTOEXPIRE: Lapsed Membership,,04/01/2006
2579,CFMA,CFMA,ASSOC,MEMBER,TERMINATED,False,06/01/1987,03/31/2025,NP,Non Payment,,07/29/2025
2579,CHICAGO,"Chicago, IL",ASSOC,MEMBER,TERMINATED,False,06/01/1987,03/31/2025,NP,Non Payment,,07/29/2025
2591,CFMA,CFMA,GENERAL,MEMBER,TERMINATED,False,06/05/1987,03/31/2021,NP,Non Payment,,07/12/2021
2591,IOWA,"Iowa, Des Moines, IA",GENERAL,MEMBER,TERMINATED,False,06/05/1987,03/31/2021,NP,Non Payment,,07/12/2021
2591,VOS,"Valley of the Sun, Phoenix, AZ",GENERAL,MEMBER,TERMINATED,False,06/05/1987,03/31/1996,NONR,Non Renewal,,12/13/2005
2612,CFMA,CFMA,ASSOC,MEMBER,TERMINATED,False,06/22/1987,03/31/2009,EXPR,AUTOEXPIRE: Lapsed Membership,,05/13/2009
2612,PORTLAND,"Portland, OR",ASSOC,MEMBER,TERMINATED,False,06/22/1987,03/31/2009,EXPR,AUTOEXPIRE: Lapsed Membership,,05/13/2009
2626,CFMA,CFMA,ASSOC,MEMBER,TERMINATED,False,07/07/1987,03/31/2012,EXPR,AUTOEXPIRE: Lapsed Membership,,05/11/2012
2626,TAMPABAY,"Tampa Bay, Tampa, FL",ASSOC,MEMBER,TERMINATED,False,07/07/1987,03/31/2012,EXPR,AUTOEXPIRE: Lapsed Membership,,05/11/2012
2644,CFMA,CFMA,GENERAL,MEMBER,ACTIVE,True,07/20/1987,03/31/2026,,,,
2644,TWINCITY,"Twin Cities, Minneapolis, MN",GENERAL,MEMBER,ACTIVE,True,07/20/1987,03/31/2026,,,,
2648,CFMA,CFMA,GENERAL,MEMBER,TERMINATED,False,07/20/1987,03/31/2004,EXPR,AUTOEXPIRE: Lapsed Membership,,12/15/2005
2654,CFMA,CFMA,GENERAL,MEMBER,TERMINATED,False,07/20/1987,03/31/2023,NP,Non Payment,,07/10/2023
2654,CHICAGO,"Chicago, IL",GENERAL,MEMBER,TERMINATED,False,07/20/1987,03/31/2023,NP,Non Payment,,07/10/2023
2679,CFMA,CFMA,GENERAL,MEMBER,TERMINATED,False,08/10/1987,03/31/2018,NORE,,,06/20/2018
2679,SANANTONIO,"San Antonio, TX",GENERAL,MEMBER,TERMINATED,False,08/10/1987,03/31/2018,NORE,,,06/20/2018
2682,CFMA,CFMA,GENERAL,MEMBER,TERMINATED,False,08/10/1987,03/31/2009,EXPR,AUTOEXPIRE: Lapsed Membership,,07/10/2009
2682,ICCFP,The Institute of Certified Construction Financial Profession,CERT,MEMBER,TERMINATED,False,08/10/1987,03/31/2007,TFER,Transferred out of ICCIFP Program per Mike Verbanic,,10/03/2007
2682,VOS,"Valley of the Sun, Phoenix, AZ",GENERAL,MEMBER,TERMINATED,False,08/10/1987,03/31/2009,EXPR,AUTOEXPIRE: Lapsed Membership,,07/10/2009
2699,CFMA,CFMA,GENERAL,MEMBER,TERMINATED,False,10/05/1987,03/31/2020,NP,Non Payment,,07/13/2020
2699,GRCINN,"Greater Cincinnati, OH",GENERAL,MEMBER,TERMINATED,False,10/05/1987,03/31/2020,NP,Non Payment,,07/13/2020
2699,MIDTENN,"Middle Tennessee, Nashville, TN",GENERAL,MEMBER,TERMINATED,False,10/05/1987,03/31/1997,EXPR,AUTOEXPIRE: Lapsed Membership,,12/15/2005
2722,CFMA,CFMA,GENERAL,MEMBER,TERMINATED,False,10/05/1987,03/31/2008,EXPR,AUTOEXPIRE: Lapsed Membership,,04/01/2008
2722,CTVALLEY,"Connecticut Valley, Hartford, CT",GENERAL,MEMBER,TERMINATED,False,10/05/1987,03/31/2008,EXPR,AUTOEXPIRE: Lapsed Membership,,04/01/2008
2753,CFMA,CFMA,ASSOC,MEMBER,TERMINATED,False,10/05/1987,03/31/2005,EXPR,AUTOEXPIRE: Lapsed Membership,,12/15/2005
2754,CFMA,CFMA,ASSOC,MEMBER,TERMINATED,False,10/05/1987,03/31/2007,EXPR,AUTOEXPIRE: Lapsed Membership,,04/01/2007
2754,NJ,"New Jersey, Woodbridge, NJ",ASSOC,MEMBER,TERMINATED,False,10/05/1987,03/31/2007,EXPR,AUTOEXPIRE: Lapsed Membership,,04/01/2007
2767,CFMA,CFMA,GENERAL,MEMBER,TERMINATED,False,10/05/1987,03/31/2017,NP,Non Payment - No Reply,,07/05/2017
2767,LOSANGELES,Los Angeles,GENERAL,MEMBER,TERMINATED,False,10/05/1987,03/31/2012,XFER,Transfer To: ORANGECTY,,03/28/2011
2767,ORANGECTY,"Orange County, Anaheim, CA",GENERAL,MEMBER,TERMINATED,False,03/28/2011,03/31/2017,NP,Non Payment - No Reply,,07/05/2017
2789,CFMA,CFMA,ASSOC,MEMBER,TERMINATED,False,10/19/1987,03/31/2012,NLE,,,03/19/2012
2789,TWINCITY,"Twin Cities, Minneapolis, MN",ASSOC,MEMBER,TERMINATED,False,10/19/1987,03/31/2012,NLE,,,03/19/2012
2790,CFMA,CFMA,ASSOC,MEMBER,ACTIVE,True,10/19/1987,03/31/2026,,,,
2790,CTVALLEY,"Connecticut Valley, Hartford, CT",ASSOC,MEMBER,ACTIVE,True,10/19/1987,03/31/2026,,,,
2794,CFMA,CFMA,ASSOC,MEMBER,TERMINATED,False,10/19/1987,03/31/2012,EXPR,AUTOEXPIRE: Lapsed Membership,,04/01/2012
2794,LONGISLAND,"Long Island, Farmingdale, NY",ASSOC,MEMBER,TERMINATED,False,10/19/1987,03/31/2012,EXPR,AUTOEXPIRE: Lapsed Membership,,04/01/2012
2794,NYC,"New York City, NY",ASSOC,MEMBER,TERMINATED,False,10/19/1987,03/31/2003,EXPR,AUTOEXPIRE: Lapsed Membership,,12/15/2005
2802,CFMA,CFMA,GENERAL,MEMBER,ACTIVE,True,10/01/2020,03/31/2026,,,,
2802,SANFRAN,"San Francisco, CA",GENERAL,MEMBER,ACTIVE,True,10/01/2020,03/31/2026,,,,
2826,CFMA,CFMA,GENERAL,MEMBER,TERMINATED,False,10/19/1987,03/31/2011,RET,,,03/24/2011
2826,LONGISLAND,"Long Island, Farmingdale, NY",GENERAL,MEMBER,TERMINATED,False,10/19/1987,03/31/2011,RET,,,03/24/2011
2829,CFMA,CFMA,GENERAL,MEMBER,TERMINATED,False,10/19/1987,03/31/2008,EXPR,AUTOEXPIRE: Lapsed Membership,,04/01/2008
2829,GRWASHDC,Greater Washington DC,GENERAL,MEMBER,TERMINATED,False,10/19/1987,03/31/2008,EXPR,AUTOEXPIRE: Lapsed Membership,,04/01/2008
2831,BLUEGRASS,"Bluegrass, Lexington, KY",GENERAL,MEMBER,TERMINATED,False,10/19/1987,03/30/1999,EXPR,AUTOEXPIRE: Lapsed Membership,,12/15/2005
2831,CFMA,CFMA,ASSOC,MEMBER,ACTIVE,True,10/19/1987,03/31/2026,,,,
2831,DALFTWORTH,"Dallas/Ft. Worth, TX",ASSOC,MEMBER,TERMINATED,False,10/19/1987,03/31/2003,EXPR,AUTOEXPIRE: Lapsed Membership,,12/15/2005
2831,GEORGIA,"Georgia, Atlanta, GA",GENERAL,MEMBER,TERMINATED,False,06/05/2008,03/31/2015,TFER,transferred to houston,,10/02/2014
2831,HOUSTON,"Houston, TX",ASSOC,MEMBER,ACTIVE,True,10/19/1987,03/31/2026,,,,
2831,NONAFF,Non Affiliated,ASSOC,MEMBER,TERMINATED,False,10/19/1987,03/31/2005,EXPR,AUTOEXPIRE: Lapsed Membership,,12/20/2005
2867,CFMA,CFMA,GENERAL,MEMBER,TERMINATED,False,10/30/1987,03/31/2010,TFER,transferred to erin erkelens,,02/25/2010
2867,VOS,"Valley of the Sun, Phoenix, AZ",GENERAL,MEMBER,TERMINATED,False,10/30/1987,03/31/2010,NORE,,,04/23/2019
2869,CFMA,CFMA,GENERAL,MEMBER,TERMINATED,False,02/22/2008,03/31/2009,EXPR,AUTOEXPIRE: Lapsed Membership,,06/05/2009
2869,VOS,"Valley of the Sun, Phoenix, AZ",GENERAL,MEMBER,TERMINATED,False,02/22/2008,03/31/2009,EXPR,AUTOEXPIRE: Lapsed Membership,,06/05/2009
2896,CCIFP,CCIFP,CCIFP,CCIFP,ACTIVE,True,04/01/2020,03/31/2026,,,,
2896,CFMA,CFMA,ASSOC,MEMBER,TERMINATED,False,11/11/1987,03/31/2023,TFER,transferred to cheryl lanese - 56381,,03/17/2022
2896,ICCFP,The Institute of Certified Construction Financial Profession,CERT,MEMBER,ACTIVE,True,01/04/2013,03/31/2016,,,,
2896,NEOHIO,"Northeast Ohio, Cleveland, OH",ASSOC,MEMBER,TERMINATED,False,11/11/1987,03/31/2023,TFER,transferred to cheryl lanese - 56381,,03/17/2022
2937,CFMA,CFMA,ASSOC,MEMBER,ACTIVE,True,11/27/1987,03/31/2026,,,,
2937,GRWASHDC,Greater Washington DC,ASSOC,MEMBER,ACTIVE,True,11/27/1987,03/31/2026,,,,
2942,CFMA,CFMA,ASSOC,MEMBER,TERMINATED,False,11/27/1987,03/31/2020,NP,Non Payment,,07/13/2020
2942,CTVALLEY,"Connecticut Valley, Hartford, CT",ASSOC,MEMBER,TERMINATED,False,11/27/1987,03/31/2020,NP,Non Payment,,07/13/2020
2943,CENVA,"Central Virginia, Richmond, VA",ASSOC,MEMBER,TERMINATED,False,07/25/1988,03/31/2011,EXPR,AUTOEXPIRE: Lapsed Membership,,04/26/2011
2943,CFMA,CFMA,ASSOC,MEMBER,TERMINATED,False,07/25/1988,03/31/2011,EXPR,AUTOEXPIRE: Lapsed Membership,,04/26/2011
2948,CFMA,CFMA,GENERAL,MEMBER,TERMINATED,False,11/27/1987,03/31/2009,EXPR,AUTOEXPIRE: Lapsed Membership,,06/03/2009
2948,SANFRAN,"San Francisco, CA",GENERAL,MEMBER,TERMINATED,False,11/27/1987,03/31/2009,EXPR,AUTOEXPIRE: Lapsed Membership,,06/03/2009
2957,CFMA,CFMA,GENERAL,MEMBER,ACTIVE,True,11/27/1987,03/31/2026,,,,
2957,GRDETROIT,"Metro Detroit, MI",GENERAL,MEMBER,TERMINATED,False,11/27/1987,03/31/1996,NONR,Non Renewal,,12/13/2005
2957,ICCFP,The Institute of Certified Construction Financial Profession,CERT,MEMBER,ACTIVE,True,11/27/1987,03/31/2016,,,,
2957,LANSING,"Mid-Michigan, Lansing, MI",GENERAL,MEMBER,TERMINATED,False,11/27/1987,03/31/2016,TFER,,,04/01/2016
2957,NONAFF,Non Affiliated,GENERAL,MEMBER,ACTIVE,True,05/01/2016,03/31/2026,,,,
2961,CFMA,CFMA,GENERAL,MEMBER,TERMINATED,False,11/27/1987,03/31/2016,NP,Non Payment - No Reply,,07/06/2016
2961,NEOHIO,"Northeast Ohio, Cleveland, OH",GENERAL,MEMBER,TERMINATED,False,11/27/1987,03/31/2016,NP,Non Payment - No Reply,,07/06/2016
2981,CFMA,CFMA,ASSOC,MEMBER,ACTIVE,True,11/27/1987,03/31/2024,,,,
2981,MASS,"Massachusetts, Boston, MA",ASSOC,MEMBER,ACTIVE,True,11/27/1987,03/31/2024,,,,
4006,CFMA,CFMA,GENERAL,MEMBER,TERMINATED,False,10/28/1988,03/31/2011,EXPR,AUTOEXPIRE: Lapsed Membership,,07/15/2011
4006,GRDETROIT,"Metro Detroit, MI",GENERAL,MEMBER,TERMINATED,False,10/28/1988,03/31/2011,EXPR,AUTOEXPIRE: Lapsed Membership,,07/15/2011
4008,CFMA,CFMA,GENERAL,MEMBER,TERMINATED,False,10/28/1988,03/31/2007,EXPR,AUTOEXPIRE: Lapsed Membership,,04/01/2007
4008,SANDIEGO,"San Diego, CA",GENERAL,MEMBER,TERMINATED,False,10/28/1988,03/31/2007,EXPR,AUTOEXPIRE: Lapsed Membership,,04/01/2007
4012,CFMA,CFMA,ASSOC,MEMBER,TERMINATED,False,10/28/1988,03/31/2004,EXPR,AUTOEXPIRE: Lapsed Membership,,12/15/2005
4012,PHILLY,"Philadelphia, PA",ASSOC,MEMBER,TERMINATED,False,10/28/1988,03/31/2004,EXPR,AUTOEXPIRE: Lapsed Membership,,12/15/2005
4013,CFMA,CFMA,GENERAL,MEMBER,TERMINATED,False,10/28/1988,03/31/2006,EXPR,AUTOEXPIRE: Lapsed Membership,,04/01/2006
4013,MILWAUKEE,"Milwaukee, WI",GENERAL,MEMBER,TERMINATED,False,10/28/1988,03/31/2006,EXPR,AUTOEXPIRE: Lapsed Membership,,04/01/2006
4014,CFMA,CFMA,ASSOC,MEMBER,TERMINATED,False,06/01/2013,03/31/2017,NP,Non Payment - No Reply,,07/05/2017
4014,PHILLY,"Philadelphia, PA",ASSOC,MEMBER,TERMINATED,False,06/01/2013,03/31/2017,NP,Non Payment - No Reply,,07/05/2017
4014,SNJ,"South Jersey, Deptford, NJ",ASSOC,MEMBER,TERMINATED,False,06/01/2013,03/31/2018,NP,Non Payment,,08/28/2018
4026,CFMA,CFMA,ASSOC,MEMBER,TERMINATED,False,10/28/1988,03/31/2000,EXPR,AUTOEXPIRE: Lapsed Membership,,12/15/2005
4026,LOSANGELES,Los Angeles,ASSOC,MEMBER,TERMINATED,False,10/28/1988,03/31/2000,EXPR,AUTOEXPIRE: Lapsed Membership,,12/15/2005
4046,ALBUQUEQUE,"Albuquerque, NM",ASSOC,MEMBER,ACTIVE,True,04/02/2001,03/31/2026,,,,
4046,CCIFP,CCIFP,CCIFP,CCIFP,ACTIVE,True,04/01/2020,03/31/2026,,,,
4046,CFMA,CFMA,RETIRED,MEMBER,ACTIVE,True,04/02/2001,03/31/2026,,,,
4046,ICCFP,The Institute of Certified Construction Financial Profession,CERT,MEMBER,ACTIVE,True,04/02/2001,03/31/2016,,,,
4047,CFMA,CFMA,GENERAL,MEMBER,TERMINATED,False,11/01/1988,03/31/2008,EXPR,AUTOEXPIRE: Lapsed Membership,,04/01/2008
4047,WESTNY,"Greater Rochester, NY",GENERAL,MEMBER,TERMINATED,False,11/01/1988,03/31/2008,EXPR,AUTOEXPIRE: Lapsed Membership,,04/01/2008
4064,CFMA,CFMA,ASSOC,MEMBER,TERMINATED,False,11/03/1988,03/31/2018,RET,,,06/05/2018
4064,NWWASH,Northwest Washington Region - Inactive,ASSOC,MEMBER,TERMINATED,False,10/14/2008,03/31/2015,CHFD,NW Washington Chapter dissolved,,01/09/2015
4064,PUGETSOUND,"Puget Sound, Seattle, WA",ASSOC,MEMBER,TERMINATED,False,11/03/1988,03/31/2018,RET,,,06/05/2018
4074,CFMA,CFMA,GENERAL,MEMBER,TERMINATED,False,11/04/1988,03/31/2025,NP,Non Payment,,07/29/2025
4074,SILICONVAL,"Silicon Valley, San Jose, CA",GENERAL,MEMBER,TERMINATED,False,11/04/1988,03/31/2025,NP,Non Payment,,07/29/2025
4075,CFMA,CFMA,GENERAL,MEMBER,TERMINATED,False,11/04/1988,03/31/2014,NP,Non Payment - No Reply,,07/01/2014
4075,SILICONVAL,"Silicon Valley, San Jose, CA",GENERAL,MEMBER,TERMINATED,False,09/28/2010,03/31/2014,EXPR,AUTOEXPIRE: Lapsed Membership,,04/01/2014
4089,CFMA,CFMA,ASSOC,MEMBER,TERMINATED,False,11/11/1988,03/31/2007,EXPR,AUTOEXPIRE: Lapsed Membership,,04/01/2007
4089,PHILLY,"Philadelphia, PA",ASSOC,MEMBER,TERMINATED,False,11/11/1988,03/31/2007,EXPR,AUTOEXPIRE: Lapsed Membership,,04/01/2007
4092,CFMA,CFMA,GENERAL,MEMBER,ACTIVE,True,11/11/1988,03/31/2026,,,,
4092,GRWASHDC,Greater Washington DC,GENERAL,MEMBER,ACTIVE,True,11/11/1988,03/31/2026,,,,
4092,NYC,"New York City, NY",GENERAL,MEMBER,TERMINATED,False,11/11/1988,03/30/1997,EXPR,AUTOEXPIRE: Lapsed Membership,,12/15/2005
4103,CENVA,"Central Virginia, Richmond, VA",GENERAL,MEMBER,ACTIVE,True,11/11/1988,03/31/2026,,,,
4103,CFMA,CFMA,GENERAL,MEMBER,ACTIVE,True,11/11/1988,03/31/2026,,,,
4109,CFMA,CFMA,ASSOC,MEMBER,TERMINATED,False,11/11/1988,03/31/2018,NP,Non Payment,,10/25/2018
4109,CHICAGO,"Chicago, IL",ASSOC,MEMBER,TERMINATED,False,11/11/1988,03/31/2017,NP,Non Payment,,07/05/2017
4116,CFMA,CFMA,GENERAL,MEMBER,TERMINATED,False,11/14/1988,03/31/2007,EXPR,AUTOEXPIRE: Lapsed Membership,,04/01/2007
4116,STLOUIS,"St. Louis, MO",GENERAL,MEMBER,TERMINATED,False,11/14/1988,03/31/2007,EXPR,AUTOEXPIRE: Lapsed Membership,,04/01/2007
4119,CFMA,CFMA,GENERAL,MEMBER,TERMINATED,False,11/17/1988,03/31/2009,EXPR,AUTOEXPIRE: Lapsed Membership,,06/02/2009
4119,LASVEGAS,"Las Vegas, NV",ASSOC,MEMBER,TERMINATED,False,11/17/1988,03/31/1997,NONR,Non Renewal,,12/13/2005
4119,TWINCITY,"Twin Cities, Minneapolis, MN",GENERAL,MEMBER,TERMINATED,False,11/17/1988,03/31/2009,EXPR,AUTOEXPIRE: Lapsed Membership,,06/02/2009
4130,CFMA,CFMA,ASSOC,MEMBER,TERMINATED,False,11/18/1988,03/31/2007,TFER,membership transferred from Sam Quigley to Peter Epstine,,05/16/2006
4130,SANDIEGO,"San Diego, CA",ASSOC,MEMBER,TERMINATED,False,11/18/1988,03/31/2007,TFER,membership transferred from Sam Quigley to Peter Epstine,,05/16/2006
4131,CFMA,CFMA,GENERAL,MEMBER,TERMINATED,False,08/20/2004,03/31/2018,RET,,,04/11/2018
4131,MASS,"Massachusetts, Boston, MA",GENERAL,MEMBER,TERMINATED,False,08/20/2004,03/31/2005,EXPR,AUTOEXPIRE: Lapsed Membership,,12/20/2005
4131,NJ,"New Jersey, Woodbridge, NJ",GENERAL,MEMBER,TERMINATED,False,08/20/2004,03/31/2018,RET,,,04/11/2018
4131,TWINCITY,"Twin Cities, Minneapolis, MN",GENERAL,MEMBER,TERMINATED,False,08/20/2004,03/31/1999,EXPR,AUTOEXPIRE: Lapsed Membership,,12/20/2005
4134,CFMA,CFMA,GENERAL,MEMBER,TERMINATED,False,11/18/1988,03/31/2011,NORE,,,03/29/2011
4134,GRDETROIT,"Metro Detroit, MI",GENERAL,MEMBER,TERMINATED,False,11/18/1988,03/31/2011,NORE,,,03/29/2011
4137,CFMA,CFMA,ASSOC,MEMBER,TERMINATED,False,11/18/1988,03/31/2016,NP,Non Payment - No Reply,,07/06/2016
4137,GRDETROIT,"Metro Detroit, MI",ASSOC,MEMBER,TERMINATED,False,11/18/1988,03/31/2016,NP,Non Payment - No Reply,,07/06/2016
4156,CFMA,CFMA,GENERAL,MEMBER,TERMINATED,False,11/23/1988,03/31/2017,RET,,,04/07/2017
4156,MASS,"Massachusetts, Boston, MA",GENERAL,MEMBER,TERMINATED,False,11/23/1988,03/31/2017,RET,,,04/07/2017
4173,CFMA,CFMA,GENERAL,MEMBER,TERMINATED,False,12/01/1988,03/31/2016,NP,Non Payment - No Reply,,07/06/2016
4173,GRDETROIT,"Metro Detroit, MI",GENERAL,MEMBER,TERMINATED,False,12/01/1988,03/31/2016,NP,Non Payment - No Reply,,07/06/2016
4175,CFMA,CFMA,ASSOC,MEMBER,TERMINATED,False,12/01/1988,03/31/2004,EXPR,AUTOEXPIRE: Lapsed Membership,,12/15/2005
4175,TAMPABAY,"Tampa Bay, Tampa, FL",ASSOC,MEMBER,TERMINATED,False,12/01/1988,03/31/2004,EXPR,AUTOEXPIRE: Lapsed Membership,,12/15/2005
4177,CFMA,CFMA,GENERAL,MEMBER,TERMINATED,False,12/01/1988,03/31/2008,EXPR,AUTOEXPIRE: Lapsed Membership,,04/01/2008
4177,NJ,"New Jersey, Woodbridge, NJ",GENERAL,MEMBER,TERMINATED,False,12/01/1988,03/31/2008,EXPR,AUTOEXPIRE: Lapsed Membership,,04/01/2008
4190,BERKSLEHIG,"Greater Berks-Lehigh Valley, Allentown, PA",GENERAL,MEMBER,TERMINATED,False,12/02/1988,03/31/2010,EXPR,AUTOEXPIRE: Lapsed Membership,,04/01/2010
4190,CFMA,CFMA,GENERAL,MEMBER,TERMINATED,False,12/02/1988,03/31/2010,EXPR,AUTOEXPIRE: Lapsed Membership,,04/01/2010
4196,CCIFP,CCIFP,CCIFP,CCIFP,ACTIVE,True,04/01/2020,03/31/2021,,,,
4196,CFMA,CFMA,GENERAL,MEMBER,TERMINATED,False,12/12/1988,03/31/2023,RET,,,03/31/2023
4196,ICCFP,The Institute of Certified Construction Financial Profession,CERT,MEMBER,ACTIVE,True,06/27/2008,03/31/2016,,,,
4196,MISSISSIPP,"Mississippi, Jackson, MS",GENERAL,MEMBER,TERMINATED,False,12/12/1988,03/31/2015,VALU,,,03/26/2015
4196,NONAFF,Non Affiliated,GENERAL,MEMBER,TERMINATED,False,04/01/2015,03/31/2023,RET,,,03/31/2023
4202,CFMA,CFMA,ASSOC,MEMBER,TERMINATED,False,12/12/1988,03/31/2007,EXPR,AUTOEXPIRE: Lapsed Membership,,04/01/2007
4202,CHICAGO,"Chicago, IL",ASSOC,MEMBER,TERMINATED,False,12/12/1988,03/31/2007,EXPR,AUTOEXPIRE: Lapsed Membership,,04/01/2007
4211,CFMA,CFMA,RETIRED,MEMBER,ACTIVE,True,12/12/1988,03/31/2026,,,,
4211,ICCFP,The Institute of Certified Construction Financial Profession,CERT,MEMBER,ACTIVE,True,06/01/2006,03/31/2016,,,,
4211,NONAFF,Non Affiliated,GENERAL,MEMBER,ACTIVE,True,05/01/2019,03/31/2026,,,,
4211,SELA,"Greater New Orleans, LA",GENERAL,MEMBER,TERMINATED,False,12/12/1988,03/31/2017,NORE,,,04/22/2019
4214,CFMA,CFMA,GENERAL,MEMBER,TERMINATED,False,12/12/1988,03/31/2012,NORE,,,01/04/2012
4214,GRWASHDC,Greater Washington DC,GENERAL,MEMBER,TERMINATED,False,12/12/1988,03/31/2012,NORE,,,01/04/2012
4219,ALBUQUEQUE,"Albuquerque, NM",ASSOC,MEMBER,ACTIVE,True,12/12/1988,03/31/2026,,,,
4219,CCIFP,CCIFP,CCIFP,CCIFP,ACTIVE,True,04/01/2020,03/31/2026,,,,
4219,CFMA,CFMA,ASSOC,MEMBER,ACTIVE,True,12/12/1988,03/31/2026,,,,
4219,ICCFP,The Institute of Certified Construction Financial Profession,CERT,MEMBER,ACTIVE,True,01/12/2012,03/31/2016,,,,
4219,VOS,"Valley of the Sun, Phoenix, AZ",GENERAL,MEMBER,TERMINATED,False,12/12/1988,03/31/2011,TFER,transferred to albuquerque chapter,,03/01/2010
4229,CFMA,CFMA,ASSOC,MEMBER,TERMINATED,False,12/16/1988,03/31/2021,NORE,,,04/01/2021
4229,MILWAUKEE,"Milwaukee, WI",ASSOC,MEMBER,TERMINATED,False,12/16/1988,03/31/2021,NORE,,,04/01/2021
4230,CFMA,CFMA,ASSOC,MEMBER,TERMINATED,False,12/16/1988,03/31/2019,NLE,No Longer Works for Company,,07/10/2019
4230,ORANGECTY,"Orange County, Anaheim, CA",ASSOC,MEMBER,TERMINATED,False,12/16/1988,03/31/2019,NLE,No Longer Works for Company,,07/10/2019
4238,CFMA,CFMA,ASSOC,MEMBER,TERMINATED,False,12/20/1988,03/31/2022,NP,Non Payment,,07/08/2022
4238,NYC,"New York City, NY",ASSOC,MEMBER,TERMINATED,False,12/20/1988,03/31/2022,NP,Non Payment,,07/08/2022
4240,CFMA,CFMA,GENERAL,MEMBER,TERMINATED,False,12/23/1988,03/31/2002,EXPR,AUTOEXPIRE: Lapsed Membership,,12/15/2005
4240,PHILLY,"Philadelphia, PA",GENERAL,MEMBER,TERMINATED,False,12/23/1988,03/31/2002,EXPR,AUTOEXPIRE: Lapsed Membership,,12/15/2005
4244,CENFLORIDA,"Central Florida, Orlando, FL",GENERAL,MEMBER,ACTIVE,True,08/01/1989,03/31/2026,,,,
4244,CFMA,CFMA,GENERAL,MEMBER,ACTIVE,True,08/01/1989,03/31/2026,,,,
4244,TAMPABAY,"Tampa Bay, Tampa, FL",GENERAL,MEMBER,TERMINATED,False,08/01/1989,03/31/2000,NONR,Non Renewal,,12/13/2005
4245,CFMA,CFMA,GENERAL,MEMBER,TERMINATED,False,12/27/1988,03/31/2019,NP,Non Payment,,07/10/2019
4245,GRWASHDC,Greater Washington DC,GENERAL,MEMBER,TERMINATED,False,12/27/1988,03/31/2019,NP,Non Payment,,07/10/2019
4245,MARYLAND,"Maryland, Baltimore, MD",GENERAL,MEMBER,TERMINATED,False,12/27/1988,03/31/2006,EXPR,AUTOEXPIRE: Lapsed Membership,,04/01/2006
4251,CFMA,CFMA,ASSOC,MEMBER,TERMINATED,False,12/30/1988,03/31/2007,EXPR,AUTOEXPIRE: Lapsed Membership,,04/01/2007
4251,TWINCITY,"Twin Cities, Minneapolis, MN",ASSOC,MEMBER,TERMINATED,False,12/30/1988,03/31/2007,EXPR,AUTOEXPIRE: Lapsed Membership,,04/01/2007
4259,BIRMINGHAM,"Alabama, Birmingham, AL",ASSOC,MEMBER,TERMINATED,False,03/03/2009,03/31/2010,EXPR,AUTOEXPIRE: Lapsed Membership,,05/10/2010
4259,CFMA,CFMA,RETIRED,MEMBER,ACTIVE,True,01/12/1989,03/31/2026,,,,
4259,DALFTWORTH,"Dallas/Ft. Worth, TX",ASSOC,MEMBER,ACTIVE,True,08/25/2010,03/31/2026,,,,
4259,GEORGIA,"Georgia, Atlanta, GA",ASSOC,MEMBER,TERMINATED,False,03/03/2009,03/31/2011,TFER,transferred to dallas ft.worth,,08/25/2010
4259,MIDTENN,"Middle Tennessee, Nashville, TN",ASSOC,MEMBER,TERMINATED,False,01/12/1989,03/31/2011,NORE,,,02/19/2019
4279,CFMA,CFMA,ASSOC,MEMBER,TERMINATED,False,01/12/1989,03/31/2012,EXPR,AUTOEXPIRE: Lapsed Membership,,04/01/2012
4279,LOSANGELES,Los Angeles,ASSOC,MEMBER,TERMINATED,False,01/12/1989,03/31/2012,XFER,Transfer To: ORANGECTY,,03/28/2011
4279,ORANGECTY,"Orange County, Anaheim, CA",ASSOC,MEMBER,TERMINATED,False,03/28/2011,03/31/2012,EXPR,AUTOEXPIRE: Lapsed Membership,,04/01/2012
4281,CFMA,CFMA,ASSOC,MEMBER,TERMINATED,False,01/12/1989,03/31/2007,TFER,membership transferred from Steve Engelke's name to Chris Kondrick,,05/16/2006
4281,MILWAUKEE,"Milwaukee, WI",ASSOC,MEMBER,TERMINATED,False,01/12/1989,03/31/2007,TFER,membership transferred from Steve Engelke's name to Chris Kondrick,,05/16/2006
4282,CCIFP,CCIFP,CCIFP,CCIFP,ACTIVE,True,04/01/2020,03/31/2026,,,,
4282,CENOHIO,"Central Ohio, Columbus, OH",GENERAL,MEMBER,ACTIVE,True,01/12/1989,03/31/2026,,,,
4282,CFMA,CFMA,GENERAL,MEMBER,ACTIVE,True,01/12/1989,03/31/2026,,,,
4282,ICCFP,The Institute of Certified Construction Financial Profession,CERT,MEMBER,ACTIVE,True,01/12/1989,03/31/2016,,,,
4283,CFMA,CFMA,GENERAL,MEMBER,TERMINATED,False,01/12/1989,03/31/2005,EXPR,AUTOEXPIRE: Lapsed Membership,,12/15/2005
4283,CTVALLEY,"Connecticut Valley, Hartford, CT",GENERAL,MEMBER,TERMINATED,False,01/12/1989,03/30/1996,EXPR,AUTOEXPIRE: Lapsed Membership,,12/15/2005
4283,NONAFF,Non Affiliated,GENERAL,MEMBER,TERMINATED,False,01/12/1989,04/01/2005,EXPR,AUTOEXPIRE: Lapsed Membership,,12/15/2005
4285,CFMA,CFMA,GENERAL,MEMBER,TERMINATED,False,03/14/2000,03/31/2015,RET,,,04/15/2014
4285,SFLORIDA,"South Florida, Ft. Lauderdale, FL",GENERAL,MEMBER,TERMINATED,False,03/14/2000,03/31/2015,RET,,,04/15/2014
4291,CFMA,CFMA,ASSOC,MEMBER,TERMINATED,False,01/19/1989,03/31/2006,EXPR,AUTOEXPIRE: Lapsed Membership,,04/01/2006
4291,WESTNY,"Greater Rochester, NY",ASSOC,MEMBER,TERMINATED,False,01/19/1989,03/31/2006,EXPR,AUTOEXPIRE: Lapsed Membership,,04/01/2006
4295,CFMA,CFMA,GENERAL,MEMBER,TERMINATED,False,01/19/1989,03/31/2013,NP,Non Payment - No Reply,,07/09/2013
4295,SACRAMENTO,"Sacramento, CA",GENERAL,MEMBER,TERMINATED,False,01/19/1989,03/31/2013,EXPR,AUTOEXPIRE: Lapsed Membership,,04/01/2013
4301,CFMA,CFMA,GENERAL,MEMBER,TERMINATED,False,01/27/1989,03/31/2023,NP,Non Payment,,07/10/2023
4301,SOUTHCAROL,"South Carolina, SC",GENERAL,MEMBER,TERMINATED,False,01/27/1989,03/31/2023,NP,Non Payment,,07/10/2023
4302,CFMA,CFMA,ASSOC,MEMBER,ACTIVE,True,01/27/1989,03/31/2026,,,,
4302,KANSASCITY,"Kansas City, MO",ASSOC,MEMBER,ACTIVE,True,01/27/1989,03/31/2026,,,,
4302,NONAFF,Non Affiliated,ASSOC,MEMBER,TERMINATED,False,04/01/2021,01/07/2021,CCHP,,,01/06/2021
4302,STLOUIS,"St. Louis, MO",ASSOC,MEMBER,TERMINATED,False,01/27/1989,03/31/1997,EXPR,AUTOEXPIRE: Lapsed Membership,,12/20/2005
4306,CENVA,"Central Virginia, Richmond, VA",GENERAL,MEMBER,TERMINATED,False,01/27/1989,03/31/2014,NORE,,,06/16/2014
4306,CFMA,CFMA,GENERAL,MEMBER,TERMINATED,False,01/27/1989,03/31/2014,NORE,,,06/16/2014
4314,CFMA,CFMA,GENERAL,MEMBER,TERMINATED,False,01/30/1989,03/31/2012,EXPR,AUTOEXPIRE: Lapsed Membership,,04/01/2012
4314,SACRAMENTO,"Sacramento, CA",GENERAL,MEMBER,TERMINATED,False,01/30/1989,03/31/2012,EXPR,AUTOEXPIRE: Lapsed Membership,,04/01/2012
4329,CFMA,CFMA,GENERAL,MEMBER,TERMINATED,False,02/13/1989,03/31/2019,NP,Non Payment,,07/10/2019
4329,SFLORIDA,"South Florida, Ft. Lauderdale, FL",GENERAL,MEMBER,TERMINATED,False,02/13/1989,03/31/2019,NP,Non Payment,,07/10/2019
4332,CFMA,CFMA,TRANS,MEMBER,TERMINATED,False,02/13/1989,03/31/2013,NONR,,,04/11/2013
4332,SFLORIDA,"South Florida, Ft. Lauderdale, FL",GENERAL,MEMBER,TERMINATED,False,02/13/1989,03/31/2013,NONR,,,04/11/2013
4345,CFMA,CFMA,RETIRED,MEMBER,TERMINATED,False,02/13/1989,03/31/2019,NP,Non Payment,,07/10/2019
4345,PHILLY,"Philadelphia, PA",ASSOC,MEMBER,TERMINATED,False,02/13/1989,03/31/2019,NORE,,,05/01/2019
4355,CFMA,CFMA,GENERAL,MEMBER,TERMINATED,False,02/13/1989,03/31/2025,NP,Non Payment,,07/29/2025
4355,CHARLOTTE,"Charlotte, NC",GENERAL,MEMBER,TERMINATED,False,02/13/1989,03/31/2025,NP,Non Payment,,07/29/2025
4356,CFMA,CFMA,GENERAL,MEMBER,TERMINATED,False,02/13/1989,03/31/2011,EXPR,AUTOEXPIRE: Lapsed Membership,,05/12/2011
4356,NYC,"New York City, NY",GENERAL,MEMBER,TERMINATED,False,02/13/1989,03/31/2011,EXPR,AUTOEXPIRE: Lapsed Membership,,05/12/2011
4369,CENVA,"Central Virginia, Richmond, VA",GENERAL,MEMBER,TERMINATED,False,01/25/2008,03/31/2015,NP,Non Payment - No Reply,,07/08/2015
4369,CFMA,CFMA,GENERAL,MEMBER,TERMINATED,False,01/25/2008,03/31/2015,NP,Non Payment - No Reply,,07/08/2015
4377,CFMA,CFMA,GENERAL,MEMBER,TERMINATED,False,02/27/1989,03/31/2025,NP,Non Payment,,07/29/2025
4377,CHICAGO,"Chicago, IL",GENERAL,MEMBER,TERMINATED,False,02/27/1989,03/31/2025,NP,Non Payment,,07/29/2025
4387,CFMA,CFMA,ASSOC,MEMBER,ACTIVE,True,05/01/2015,03/31/2026,,,,
4387,GRCINN,"Greater Cincinnati, OH",ASSOC,MEMBER,ACTIVE,True,05/01/2015,03/31/2026,,,,
4390,CFMA,CFMA,GENERAL,MEMBER,TERMINATED,False,04/01/1995,03/31/2005,EXPR,AUTOEXPIRE: Lapsed Membership,,12/15/2005
4390,CTVALLEY,"Connecticut Valley, Hartford, CT",GENERAL,MEMBER,TERMINATED,False,04/01/1995,03/31/2005,EXPR,AUTOEXPIRE: Lapsed Membership,,12/15/2005
4396,CFMA,CFMA,GENERAL,MEMBER,ACTIVE,True,03/02/1989,03/31/2026,,,,
4396,COLORADO,"Colorado, Denver, CO",ASSOC,MEMBER,TERMINATED,False,01/17/2011,03/31/2011,EXPR,AUTOEXPIRE: Lapsed Membership,,04/01/2011
4396,LOSANGELES,Los Angeles,ASSOC,MEMBER,TERMINATED,False,03/02/1989,03/31/2004,EXPR,AUTOEXPIRE: Lapsed Membership,,12/15/2005
4396,NONAFF,Non Affiliated,GENERAL,MEMBER,ACTIVE,True,04/01/2014,03/31/2026,,,,
4396,ORANGECTY,"Orange County, Anaheim, CA",ASSOC,MEMBER,TERMINATED,False,03/02/1989,03/31/2011,TFER,,,01/17/2011
4399,CAPREGION,"New York Capital Region, Albany, NY",ASSOC,MEMBER,TERMINATED,False,03/02/1989,03/31/2018,NP,Non Payment,,10/25/2018
4399,CFMA,CFMA,ASSOC,MEMBER,TERMINATED,False,03/02/1989,03/31/2018,NP,Non Payment,,10/25/2018
4414,CFMA,CFMA,ASSOC,MEMBER,TERMINATED,False,03/08/1989,03/31/2010,EXPR,AUTOEXPIRE: Lapsed Membership,,08/06/2010
4414,PHILLY,"Philadelphia, PA",ASSOC,MEMBER,TERMINATED,False,03/08/1989,03/31/2010,EXPR,AUTOEXPIRE: Lapsed Membership,,08/06/2010
4423,CFMA,CFMA,GENERAL,MEMBER,TERMINATED,False,03/08/1989,03/31/2013,NP,Non Payment - No Reply,,07/09/2013
4423,MASS,"Massachusetts, Boston, MA",GENERAL,MEMBER,TERMINATED,False,03/08/1989,03/31/2013,EXPR,AUTOEXPIRE: Lapsed Membership,,07/09/2013
4435,CFMA,CFMA,GENERAL,MEMBER,TERMINATED,False,01/05/2005,03/31/2015,RET,,,06/10/2015
4435,IDAHO,"Idaho, Boise, ID",GENERAL,MEMBER,TERMINATED,False,07/01/2014,03/31/2015,RET,,,06/10/2015
4435,VOS,"Valley of the Sun, Phoenix, AZ",GENERAL,MEMBER,TERMINATED,False,01/05/2005,03/31/2014,NORE,,,04/23/2019
4435,WESTMICHIG,"Western Michigan, Grand Rapids, MI",GENERAL,MEMBER,TERMINATED,False,01/05/2005,04/01/1999,EXPR,AUTOEXPIRE: Lapsed Membership,,12/15/2005
4440,CFMA,CFMA,ASSOC,MEMBER,TERMINATED,False,08/21/2006,03/31/2011,EXPR,AUTOEXPIRE: Lapsed Membership,,07/15/2011
4440,NONAFF,Non Affiliated,ASSOC,MEMBER,TERMINATED,False,07/02/2009,03/31/2011,EXPR,AUTOEXPIRE: Lapsed Membership,,07/15/2011
4440,UTAH,"Utah, Salt Lake City, UT",ASSOC,MEMBER,TERMINATED,False,08/21/2006,03/31/2009,NONR,time contstraints,,04/13/2009
4445,CFMA,CFMA,GENERAL,MEMBER,TERMINATED,False,03/20/1989,03/31/2020,NP,Non Payment,,07/13/2020
4445,NONAFF,Non Affiliated,GENERAL,MEMBER,TERMINATED,False,03/20/1989,03/31/2017,CCHP,Has other valid membership(s),,09/13/2018
4445,OKLAHOMA,"Oklahoma, Oklahoma City, OK",GENERAL,MEMBER,TERMINATED,False,12/01/2016,03/31/2020,NP,Non Payment,,07/13/2020
4445,TULSA,Tulsa-Inactive,GENERAL,MEMBER,TERMINATED,False,03/20/1989,03/31/1997,EXPR,AUTOEXPIRE: Lapsed Membership,,12/20/2005
4447,CFMA,CFMA,GENERAL,MEMBER,TERMINATED,False,03/20/1989,03/31/2023,RET,,,05/01/2023
4447,GRPITTS,"Greater Pittsburgh, PA",GENERAL,MEMBER,TERMINATED,False,03/20/1989,03/31/2002,EXPR,AUTOEXPIRE: Lapsed Membership,,12/15/2005
4447,NONAFF,Non Affiliated,GENERAL,MEMBER,TERMINATED,False,04/01/2018,03/31/2024,RET,,,05/01/2023
4447,SFLORIDA,"South Florida, Ft. Lauderdale, FL",GENERAL,MEMBER,TERMINATED,False,03/20/1989,03/31/2003,EXPR,AUTOEXPIRE: Lapsed Membership,,12/15/2005
4447,TRIANGLE,"Triangle, Raleigh, NC",GENERAL,MEMBER,TERMINATED,False,03/20/1989,03/31/2018,TFER,,,04/10/2018
4458,CFMA,CFMA,GENERAL,MEMBER,TERMINATED,False,04/22/2005,03/31/2014,DEC,,,04/29/2014
4458,NJ,"New Jersey, Woodbridge, NJ",GENERAL,MEMBER,TERMINATED,False,04/22/2005,03/31/2014,DEC,,,04/29/2014
4474,CFMA,CFMA,GENERAL,MEMBER,TERMINATED,False,03/20/1989,03/31/2014,TFER,transferred to skip sorenson,,03/12/2014
4474,LOSANGELES,Los Angeles,GENERAL,MEMBER,TERMINATED,False,03/20/1989,03/31/2012,XFER,Transfer To: ORANGECTY,,03/28/2011
4474,ORANGECTY,"Orange County, Anaheim, CA",GENERAL,MEMBER,TERMINATED,False,03/28/2011,03/31/2012,EXPR,AUTOEXPIRE: Lapsed Membership,,04/01/2012
4486,CFMA,CFMA,GENERAL,MEMBER,TERMINATED,False,03/29/1989,03/31/2024,NP,Non Payment,,06/14/2024
4486,CTVALLEY,"Connecticut Valley, Hartford, CT",GENERAL,MEMBER,TERMINATED,False,03/29/1989,03/31/1997,NONR,Non Renewal,,12/13/2005
4486,MASS,"Massachusetts, Boston, MA",GENERAL,MEMBER,TERMINATED,False,05/07/2009,03/31/2024,NP,Non Payment,,06/14/2024
4493,CFMA,CFMA,GENERAL,MEMBER,TERMINATED,False,03/28/1989,03/31/2007,EXPR,AUTOEXPIRE: Lapsed Membership,,04/01/2007
4493,NJ,"New Jersey, Woodbridge, NJ",GENERAL,MEMBER,TERMINATED,False,03/28/1989,03/31/2007,EXPR,AUTOEXPIRE: Lapsed Membership,,04/01/2007
4497,CFMA,CFMA,ASSOC,MEMBER,TERMINATED,False,03/28/1989,03/31/2017,NP,Non Payment - No Reply,,07/05/2017
4497,GRWICHITA,"Greater Wichita, KS",ASSOC,MEMBER,TERMINATED,False,03/28/1989,03/31/2017,NP,Non Payment - No Reply,,07/05/2017
4502,CFMA,CFMA,ASSOC,MEMBER,TERMINATED,False,01/17/2003,03/31/2020,RET,,,04/01/2020
4502,GRPITTS,"Greater Pittsburgh, PA",ASSOC,MEMBER,TERMINATED,False,01/17/2003,03/31/2020,RET,,,04/01/2020
4502,ICCFP,The Institute of Certified Construction Financial Profession,CERT,MEMBER,ACTIVE,True,01/17/2003,03/31/2016,,,,
4517,CFMA,CFMA,GENERAL,MEMBER,ACTIVE,True,03/31/1989,03/31/2026,,,,
4517,VOS,"Valley of the Sun, Phoenix, AZ",GENERAL,MEMBER,ACTIVE,True,03/31/1989,03/31/2026,,,,
4518,CFMA,CFMA,ASSOC,MEMBER,TERMINATED,False,10/21/2003,03/31/2019,NP,Non Payment,,07/10/2019
4518,PHILLY,"Philadelphia, PA",ASSOC,MEMBER,TERMINATED,False,10/21/2003,03/31/2019,NP,Non Payment,,07/10/2019
4521,CFMA,CFMA,GENERAL,MEMBER,TERMINATED,False,03/31/1989,03/31/2000,EXPR,AUTOEXPIRE: Lapsed Membership,,12/15/2005
4521,NJ,"New Jersey, Woodbridge, NJ",GENERAL,MEMBER,TERMINATED,False,03/31/1989,03/31/2000,EXPR,AUTOEXPIRE: Lapsed Membership,,12/15/2005
4542,CFMA,CFMA,ASSOC,MEMBER,TERMINATED,False,04/03/1989,03/31/2023,NP,Non Payment,,07/10/2023
4542,GRWASHDC,Greater Washington DC,ASSOC,MEMBER,TERMINATED,False,04/03/1989,03/31/2023,NP,Non Payment,,07/10/2023
4545,CFMA,CFMA,ASSOC,MEMBER,TERMINATED,False,04/06/1989,03/31/2007,EXPR,AUTOEXPIRE: Lapsed Membership,,04/01/2007
4545,NH,NH-Inactive,ASSOC,MEMBER,TERMINATED,False,04/06/1989,03/31/2006,XFER,Transfer To: NONAFF,,01/25/2006
4545,NONAFF,Non Affiliated,ASSOC,MEMBER,TERMINATED,False,04/06/1989,03/31/2007,EXPR,AUTOEXPIRE: Lapsed Membership,,04/01/2007
4545,VERMONT,Vermont-Inactive,ASSOC,MEMBER,TERMINATED,False,04/06/1989,03/31/1996,EXPR,AUTOEXPIRE: Lapsed Membership,,12/20/2005
4577,CFMA,CFMA,GENERAL,MEMBER,TERMINATED,False,04/12/1989,03/31/2008,EXPR,AUTOEXPIRE: Lapsed Membership,,04/01/2008
4577,DALFTWORTH,"Dallas/Ft. Worth, TX",GENERAL,MEMBER,TERMINATED,False,04/12/1989,03/31/2008,EXPR,AUTOEXPIRE: Lapsed Membership,,04/01/2008
4578,CAPREGION,"New York Capital Region, Albany, NY",GENERAL,MEMBER,TERMINATED,False,04/12/1989,03/31/1999,EXPR,AUTOEXPIRE: Lapsed Membership,,12/20/2005
4578,CFMA,CFMA,GENERAL,MEMBER,TERMINATED,False,04/12/1989,03/31/2025,NP,Non Payment,,07/29/2025
4578,GEORGIA,"Georgia, Atlanta, GA",GENERAL,MEMBER,TERMINATED,False,04/12/1989,03/31/2025,NP,Non Payment,,07/29/2025
4588,CFMA,CFMA,GENERAL,MEMBER,TERMINATED,False,04/20/1989,03/31/2014,NORE,,,02/13/2019
4588,GRPITTS,"Greater Pittsburgh, PA",GENERAL,MEMBER,TERMINATED,False,04/20/1989,03/31/1999,NONR,Non Renewal,,12/13/2005
4588,WESTNY,"Greater Rochester, NY",GENERAL,MEMBER,TERMINATED,False,04/20/1989,03/31/2014,EXPR,AUTOEXPIRE: Lapsed Membership,,04/01/2014
4598,CCIFP,CCIFP,CCIFP,CCIFP,ACTIVE,True,04/01/2020,03/31/2026,,,,
4598,CFMA,CFMA,GENERAL,MEMBER,ACTIVE,True,04/20/1989,03/31/2026,,,,
4598,ICCFP,The Institute of Certified Construction Financial Profession,CERT,MEMBER,ACTIVE,True,04/20/1989,03/31/2016,,,,
4598,PHILLY,"Philadelphia, PA",GENERAL,MEMBER,ACTIVE,True,04/20/1989,03/31/2026,,,,
4608,CFMA,CFMA,GENERAL,MEMBER,TERMINATED,False,04/20/1989,03/31/2017,NP,Non Payment - No Reply,,07/05/2017
4608,NONAFF,Non Affiliated,GENERAL,MEMBER,TERMINATED,False,04/20/1989,03/31/1996,EXPR,AUTOEXPIRE: Lapsed Membership,,12/20/2005
4608,QUADCITY,"Quad Cities, Davenport, IA",GENERAL,MEMBER,TERMINATED,False,04/20/1989,03/31/2017,NP,Non Payment - No Reply,,07/05/2017
4609,CFMA,CFMA,ASSOC,MEMBER,TERMINATED,False,04/20/1989,03/31/2013,NP,Non Payment - No Reply,,07/09/2013
4609,UTAH,"Utah, Salt Lake City, UT",ASSOC,MEMBER,TERMINATED,False,04/20/1989,03/31/2013,EXPR,AUTOEXPIRE: Lapsed Membership,,07/09/2013
4645,CFMA,CFMA,GENERAL,MEMBER,TERMINATED,False,04/26/1989,03/31/2021,NP,Non Payment,,07/12/2021
4645,SANDIEGO,"San Diego, CA",GENERAL,MEMBER,TERMINATED,False,04/26/1989,03/31/2021,NP,Non Payment,,07/12/2021
4648,CFMA,CFMA,GENERAL,MEMBER,TERMINATED,False,04/26/1989,03/31/2011,EXPR,AUTOEXPIRE: Lapsed Membership,,05/18/2011
4648,GRPITTS,"Greater Pittsburgh, PA",GENERAL,MEMBER,TERMINATED,False,04/26/1989,03/31/2011,EXPR,AUTOEXPIRE: Lapsed Membership,,05/18/2011
4667,CFMA,CFMA,ASSOC,MEMBER,ACTIVE,True,07/01/2019,03/31/2026,,,,
4667,GRPITTS,"Greater Pittsburgh, PA",ASSOC,MEMBER,ACTIVE,True,07/01/2019,03/31/2026,,,,
4667,NONAFF,Non Affiliated,ASSOC,MEMBER,TERMINATED,False,04/01/2023,03/31/2024,TFER,,,04/05/2024
4672,CFMA,CFMA,GENERAL,MEMBER,TERMINATED,False,04/27/1989,03/31/2019,NP,Non Payment,,07/10/2019
4672,GRPITTS,"Greater Pittsburgh, PA",GENERAL,MEMBER,TERMINATED,False,04/27/1989,03/31/2019,NP,Non Payment,,07/10/2019
4677,CFMA,CFMA,GENERAL,MEMBER,TERMINATED,False,04/27/1989,03/31/2015,NP,Non Payment - No Reply,,07/08/2015
4677,PHILLY,"Philadelphia, PA",GENERAL,MEMBER,TERMINATED,False,04/27/1989,03/31/2015,NP,Non Payment - No Reply,,07/08/2015
4693,CFMA,CFMA,GENERAL,MEMBER,TERMINATED,False,05/02/1989,03/31/2018,NP,Non Payment,,10/25/2018
4693,GRCINN,"Greater Cincinnati, OH",GENERAL,MEMBER,TERMINATED,False,05/02/1989,03/31/2018,NP,Non Payment,,10/25/2018
4696,CFMA,CFMA,ASSOC,MEMBER,TERMINATED,False,05/02/1989,03/31/2010,EXPR,AUTOEXPIRE: Lapsed Membership,,08/06/2010
4696,NONAFF,Non Affiliated,ASSOC,MEMBER,TERMINATED,False,05/02/1989,03/31/2010,EXPR,AUTOEXPIRE: Lapsed Membership,,08/06/2010
4696,SOUTHPLAIN,South Plains-Inactive,ASSOC,MEMBER,TERMINATED,False,05/02/1989,03/31/2007,XFER,Transfer To: NONAFF,,11/29/2006
4700,CFMA,CFMA,ASSOC,MEMBER,TERMINATED,False,05/02/1989,03/31/2004,EXPR,AUTOEXPIRE: Lapsed Membership,,12/15/2005
4700,NJ,"New Jersey, Woodbridge, NJ",ASSOC,MEMBER,TERMINATED,False,05/02/1989,03/31/2004,EXPR,AUTOEXPIRE: Lapsed Membership,,12/15/2005
4701,CFMA,CFMA,GENERAL,MEMBER,TERMINATED,False,05/02/1989,03/31/2014,NP,Non Payment - No Reply,,07/01/2014
4701,MASS,"Massachusetts, Boston, MA",GENERAL,MEMBER,TERMINATED,False,05/02/1989,03/31/2014,EXPR,AUTOEXPIRE: Lapsed Membership,,04/01/2014
4726,CFMA,CFMA,GENERAL,MEMBER,TERMINATED,False,05/15/1989,03/31/2010,EXPR,AUTOEXPIRE: Lapsed Membership,,08/06/2010
4726,SANFRAN,"San Francisco, CA",GENERAL,MEMBER,TERMINATED,False,05/15/1989,03/31/2010,EXPR,AUTOEXPIRE: Lapsed Membership,,08/06/2010
4732,CFMA,CFMA,GENERAL,MEMBER,TERMINATED,False,05/16/1989,03/31/2005,EXPR,AUTOEXPIRE: Lapsed Membership,,12/15/2005
4732,CTVALLEY,"Connecticut Valley, Hartford, CT",GENERAL,MEMBER,TERMINATED,False,05/16/1989,03/31/2005,EXPR,AUTOEXPIRE: Lapsed Membership,,12/15/2005
4739,CFMA,CFMA,ASSOC,MEMBER,TERMINATED,False,05/16/1989,03/31/2007,EXPR,AUTOEXPIRE: Lapsed Membership,,04/01/2007
4739,PUGETSOUND,"Puget Sound, Seattle, WA",ASSOC,MEMBER,TERMINATED,False,05/16/1989,03/31/2001,EXPR,AUTOEXPIRE: Lapsed Membership,,12/15/2005
4739,SPS,"South Sound, Tacoma, WA",ASSOC,MEMBER,TERMINATED,False,09/14/2006,03/31/2009,NONR,,,11/03/2008
4756,CFMA,CFMA,ASSOC,MEMBER,TERMINATED,False,05/16/1989,03/31/2009,EXPR,AUTOEXPIRE: Lapsed Membership,,06/03/2009
4756,KENTUCKIAN,"Kentuckiana, Louisville, KY",ASSOC,MEMBER,TERMINATED,False,05/16/1989,03/31/2009,EXPR,AUTOEXPIRE: Lapsed Membership,,06/03/2009
4763,CFMA,CFMA,ASSOC,MEMBER,ACTIVE,True,05/18/1989,03/31/2026,,,,
4763,GRPITTS,"Greater Pittsburgh, PA",ASSOC,MEMBER,ACTIVE,True,05/18/1989,03/31/2026,,,,
4821,CFMA,CFMA,ASSOC,MEMBER,TERMINATED,False,06/01/1989,03/31/2024,NP,Non Payment,,06/14/2024
4821,GRPITTS,"Greater Pittsburgh, PA",ASSOC,MEMBER,TERMINATED,False,06/01/1989,03/31/2024,NP,Non Payment,,06/14/2024
4822,CENOHIO,"Central Ohio, Columbus, OH",ASSOC,MEMBER,TERMINATED,False,05/05/2006,03/31